지점,일시,평균기온(°C),최저기온(°C),최저기온 시각(hhmi),최고기온(°C),최고기온 시각(hhmi),강수 계속시간(hr),10분 최다 강수량(mm),10분 최다강수량 시각(hhmi),1시간 최다강수량(mm),1시간 최다 강수량 시각(hhmi),일강수량(mm),최대 순간 풍속(m/s),최대 순간 풍속 풍향(16방위),최대 순간풍속 시각(hhmi),최대 풍속(m/s),최대 풍속 풍향(16방위),최대 풍속 시각(hhmi),평균 풍속(m/s),풍정합(100m),평균 이슬점온도(°C),최소 상대습도(%),최소 상대습도 시각(hhmi),평균 상대습도(%),평균 증기압(hPa),평균 현지기압(hPa),최고 해면기압(hPa),최고 해면기압 시각(hhmi),최저 해면기압(hPa),최저 해면기압 시각(hhmi),평균 해면기압(hPa),가조시간(hr),합계 일조시간(hr),1시간 최다일사 시각(hhmi),1시간 최다일사량(MJ/m2),합계 일사량(MJ/m2),일 최심신적설(cm),일 최심신적설 시각(hhmi),일 최심적설(cm),일 최심적설 시각(hhmi),합계 3시간 신적설(cm),평균 전운량(1/10),평균 중하층운량(1/10),평균 지면온도(°C),최저 초상온도(°C),평균 5cm 지중온도(°C),평균 10cm 지중온도(°C),평균 20cm 지중온도(°C),평균 30cm 지중온도(°C),0.5m 지중온도(°C),1.0m 지중온도(°C),1.5m 지중온도(°C),3.0m 지중온도(°C),5.0m 지중온도(°C),합계 대형증발량(mm),합계 소형증발량(mm),9-9강수(mm),안개 계속시간(hr)
155,2020-01-01,.3,-4.7,311,4.9,1555,,,,,,,10.6,360,358,4.7,360,348,2.1,1781,-10.3,20,42,45.4,2.9,1025.7,1032.1,1035,1028.8,1453,1030.5,9.8,8.7,1200,1.83,10.43,,,,,,1.4,0,-.5,-5.9,,,,,,,,,,1.5,2.1,,
155,2020-01-02,3.1,-.3,359,7.1,1445,,,,,,,10.8,70,1043,5.4,70,1049,2.1,1853,-5.6,40,1513,53,4,1023.4,1030.9,905,1026.5,1354,1028.1,9.9,8.5,1200,1.68,9.5,,,,,,0,0,1.1,-2.7,,,,,,,,,,1.4,2,,
155,2020-01-03,4.1,-.1,740,8.1,1452,,,,,,,8.8,50,1101,5.5,50,1053,2,1702,-5.9,30,2114,49.1,4,1020.4,1027.5,1,1022.9,1433,1025.2,9.9,8.5,1200,1.81,10.05,,,,,,.6,0,1.3,-4,,,,,,,,,,1.6,2.3,,
155,2020-01-04,4.3,1.7,231,8.4,1424,,,,,,,9.2,70,1119,4.5,50,1123,1.6,1398,-8.5,32,627,38.9,3.2,1019.7,1027,2308,1022.3,1405,1024.4,9.9,7.4,1200,1.72,9.44,,,,,,2.6,0,1.5,-2,,,,,,,,,,1.6,2.3,,
155,2020-01-05,4.1,-.4,436,10.2,1453,,,,,,,5.8,20,954,3.7,20,1036,1.3,1141,-6.6,26,1502,46.9,3.7,1025,1031.6,1014,1026.8,105,1029.7,9.9,8.6,1200,1.85,10.32,,,,,,1,0,2,-5.2,,,,,,,,,,1.5,2.1,,
155,2020-01-06,2.9,1,732,3.5,49,17.27,,,,,10.7,4.5,20,1226,2.5,20,1230,1,884,-1.3,44,554,76.5,5.8,1022,1030.4,1,1021.7,2356,1026.7,9.9,0,1100,.29,1.39,,,,,,10,7.8,2.4,-2.1,,,,,,,,,,.3,.5,,.05
155,2020-01-07,10.2,3.5,1,18,2013,20.87,,,,,39,17,270,2157,7.8,200,2144,2,1702,8.6,63,2246,90.8,11.7,1007.5,1021.6,1,1001.4,2139,1012.1,9.9,0,1300,.17,.5,,,,,,10,8.1,9.6,3.6,,,,,,,,,,.9,1.3,,1.3
155,2020-01-08,7.4,3.7,2344,14.2,22,.13,,,,,0,16.7,270,1036,5.6,320,1050,2.3,2025,.4,51,1110,61.1,6.3,1008.8,1020.7,2149,1001.4,123,1013.4,9.9,3.8,1300,1.18,5.44,,,,,,5.5,5.5,8,.9,,,,,,,,,,1.1,1.6,,
155,2020-01-09,4.1,1.8,643,8.9,1412,,,,,,,8.8,70,2209,5.6,50,2224,2.1,1800,-5.3,27,1411,51.6,4.1,1016.7,1022.9,2221,1019.6,1422,1021.4,9.9,7.2,1200,1.63,9.42,,,,,,6,0,3.4,0,,,,,,,,,,1.6,2.3,,
155,2020-01-10,3.2,-1.6,758,8.9,1537,,,,,,,9.2,340,18,5.2,20,112,1.7,1466,-7,19,1613,48.9,3.6,1017.1,1024.8,943,1019.7,2323,1021.8,9.9,8.8,1100,1.87,10.75,,,,,,3.5,.9,2.3,-3,,,,,,,,,,1.6,2.3,,
155,2020-01-11,4.3,.8,627,7.8,1605,,,,,,,9.8,50,1314,5.2,50,1323,1.8,1564,-6.6,34,1436,45,3.7,1013.4,1020.7,950,1015.9,1425,1018,10,8.6,1200,1.81,10.49,,,,,,4.6,1.3,2.2,-2.6,,,,,,,,,,1.7,2.4,,
155,2020-01-12,3.4,.7,739,7.9,1355,,,,,,,8.1,20,1000,4.1,50,1017,2.1,1813,-7,31,1314,47.3,3.6,1011.5,1019,2324,1013.6,1447,1016.2,10,8.7,1200,1.91,11.08,,,,,,3,3,3,-2.6,,,,,,,,,,1.6,2.3,,
155,2020-01-13,2.4,-1.3,415,7.1,1415,,,,,,,7.5,340,1111,3.5,270,1326,1.4,1216,-7.4,35,1333,48.9,3.5,1016.7,1024.4,2352,1018.4,103,1021.5,10,,,,,,,,,,2.6,2.3,1.9,-4.7,,,,,,,,,,,,,
155,2020-01-14,1.1,-1.3,412,4.9,1516,,,,,,,10.7,50,322,6.1,50,707,2.1,1781,-11,30,1556,40.3,2.7,1019.5,1026.3,2306,1022,1347,1024.3,10,2.3,1100,.94,5.94,,,,,,6,5.9,.4,-5.1,,,,,,,,,,1.2,1.8,,
155,2020-01-15,1.2,-1.8,724,6.1,1453,,,,,,,10.3,70,1015,5.9,50,951,2.5,2158,-9.8,31,1502,44.3,2.9,1021.7,1028.5,1022,1024.5,1428,1026.5,10,8.9,1200,1.96,11.48,,,,,,.6,0,.9,-3.9,,,,,,,,,,1.6,2.3,,
155,2020-01-16,1.8,-2.6,405,5.6,1522,,,,,,,11.3,20,1021,6.1,50,1048,2.1,1813,-13.6,12,1456,33.8,2.2,1020.1,1026.9,1,1022.8,1645,1024.9,10.1,5.9,1300,1.87,9.54,,,,,,8.3,4.9,.2,-6,,,,,,,,,,1.9,2.7,,
155,2020-01-17,3.8,.9,645,8,1357,,,,,,,5.7,20,1016,3.8,20,1018,1.6,1370,-10.4,26,1307,34.9,2.8,1016.1,1023.1,1,1018.6,1541,1020.8,10.1,7.8,1300,1.62,9.1,,,,,,5.3,4,2.5,-4.1,,,,,,,,,,1.8,2.6,,
155,2020-01-18,4.4,1.6,13,7.9,1448,.02,,,,,0,12.5,20,1043,7.4,20,1046,2.6,2258,-9.7,21,2157,35.4,3,1014.4,1020.3,2109,1017.5,1355,1019,10.1,3,1200,2.09,8.35,,,,,,6.3,4.9,2.8,-3.6,,,,,,,,,,1.9,2.7,,
155,2020-01-19,4.1,.6,756,9.5,1525,,,,,,,7.8,250,1645,4.4,20,810,1.8,1566,-7.7,30,52,42,3.5,1014.2,1020.4,2356,1016.5,1446,1018.9,10.1,3.9,1300,1.71,7.89,,,,,,4.4,1.3,2.7,-3.1,,,,,,,,,,1.5,2.1,,
155,2020-01-20,4.4,.2,718,9.1,1413,,,,,,,9.6,270,1508,3.6,270,1510,1.4,1212,-7.4,31,1415,42.6,3.5,1017,1025,2355,1019.4,1410,1021.7,10.2,8.5,1200,1.93,11.07,,,,,,.1,0,2.5,-4.8,,,,,,,,,,1.9,2.7,,
155,2020-01-21,2.9,-1.1,642,7.7,1457,,,,,,,9.2,50,757,5.6,50,802,1.8,1575,-8.7,18,1400,44.3,3.3,1024.2,1031.5,1014,1025,1,1028.9,10.2,8.8,1200,2.08,12.35,,,,,,2.1,1.1,2.6,-3,,,,,,,,,,1.7,2.5,,
155,2020-01-22,3.6,2.7,1721,5,1100,13.22,,,,,13.9,5.9,360,2220,3,20,2204,1.2,1067,-.5,57,940,76,6,1019.7,1028.9,1,1020.9,2350,1024.4,10.2,0,1000,.28,1.26,,,,,,9.9,8.6,3.3,-.6,,,,,,,,,,.4,.6,,
155,2020-01-23,5.4,3,1,7.3,1548,10.4,,,,,3.2,5.5,50,547,3.2,20,556,1.2,1062,3.6,78,2339,88.3,7.9,1017.3,1025,2159,1019.4,130,1022,10.2,0,1300,.65,2.7,,,,,,9.4,5.9,5.6,2.8,,,,,,,,,,.5,.8,,
155,2020-01-24,7.6,3,729,12.2,1356,,,,,,,7,50,621,4,20,627,1.5,1315,.9,42,1315,63.9,6.6,1023.3,1030.6,2342,1024.8,1,1028,10.2,7.9,1200,1.98,10.35,,,,,,6.4,1.4,6.3,-.2,,,,,,,,,,1.6,2.4,,
155,2020-01-25,7.6,5.1,726,9.7,1343,,,,,,,4.8,70,1118,2.7,20,1422,1.2,1011,1.8,57,1437,67.1,7,1023.9,1030.5,1035,1027.1,1721,1028.6,10.3,.3,1200,.98,4.87,,,,,,9.3,9.3,6.6,3.1,,,,,,,,,,.9,1.3,,
155,2020-01-26,7.8,4,727,10.9,1355,,,,,,,10.1,50,2049,5.2,50,1443,2.1,1807,1.4,54,1348,64.6,6.8,1020.5,1027.7,1,1022.9,2343,1025.1,10.3,2.6,1000,1.28,6.66,,,,,,9.1,5.9,6.3,1.2,,,,,,,,,,1.6,2.3,,
155,2020-01-27,5.9,4.2,1715,9.4,120,22.62,,,,,44.9,12.4,50,1006,6.8,50,126,3.1,2721,3.1,60,1,82.3,7.6,1011,1022.9,1,1012.3,1525,1015.6,10.3,0,1400,.08,.35,,,,,,10,8.5,5.7,3.6,,,,,,,,,,.6,.8,,
155,2020-01-28,7.8,5.1,10,10.8,1211,1.83,,,,,0,8.3,360,216,3.2,340,140,1.5,1332,1.9,55,1457,67,7.1,1010.9,1017.3,2151,1013.5,445,1015.5,10.4,.8,1200,1.44,6.71,,,,,,9.1,8.8,7.2,3.9,,,,,,,,,,1.1,1.5,,
155,2020-01-29,7.3,5,2334,10,1245,7.62,,,,,.2,4,20,358,2.2,20,403,.9,777,.8,44,1424,64.6,6.5,1009.8,1017,1,1012.8,1604,1014.4,10.4,1.4,1100,1.36,5.64,,,,,,9.6,8.3,6.9,4.2,,,,,,,,,,.9,1.3,,
155,2020-01-30,6,3,555,10.5,1338,2.17,,,,,.7,8.4,50,1508,2.8,70,1511,.9,805,-2,32,1608,59.5,5.4,1009,1016.6,2335,1012.1,1436,1013.7,10.4,6.5,1200,2.19,11.47,,,,,,5.4,5,6.5,-1,,,,,,,,,,1.6,2.3,,
155,2020-01-31,4.6,1.1,335,8.8,1541,,,,,,,7.1,50,1202,4.2,50,1210,1.2,1043,-2.9,39,1222,59.4,4.9,1014.3,1021.6,2341,1016.5,30,1019,10.4,5.7,1100,1.57,8.65,,,,,,3.4,3.1,3.4,-2.4,,,,,,,,,,1.2,1.8,,
155,2020-02-01,4.3,-.4,730,9.2,1351,,,,,,,7.7,270,1645,4.7,20,1135,1.7,1450,-4,33,1247,55.8,4.6,1018.9,1025.1,2356,1021.4,37,1023.6,10.5,9.1,1200,2.13,12.79,,,,,,.8,.3,3.2,-3.8,,,,,,,,,,1.8,2.5,,
155,2020-02-02,4.5,.4,520,9.9,1451,,,,,,,5.3,50,1124,3.4,50,1101,1.2,1026,-2.8,35,1502,60.6,5,1019.5,1026.6,917,1022,1614,1024.2,10.5,8.7,1200,2.05,12.29,,,,,,2.4,0,3.7,-3.4,,,,,,,,,,1.8,2.6,,
155,2020-02-03,4.1,.3,755,7.9,1510,,,,,,,7.7,20,220,4.7,50,1014,2.1,1844,-7.3,31,1915,43.5,3.6,1019.9,1026.9,2323,1022.5,434,1024.6,10.5,8.8,1200,1.96,12.12,,,,,,2,0,2.7,-3.1,,,,,,,,,,1.9,2.7,,
155,2020-02-04,3.1,-2.2,722,7.8,1445,,,,,,,8.5,20,1001,5.6,50,1230,2.1,1811,-11,16,1323,36.9,2.7,1020.4,1027.8,835,1022.3,1555,1025.1,10.6,9.2,1200,2.34,14.18,,,,,,0,0,2.7,-4.4,,,,,,,,,,2.2,3.1,,
155,2020-02-05,-.3,-4.3,2348,4.1,30,,,,,,,12.4,50,1015,6,50,1016,2.2,1924,-16.5,16,1825,30.6,1.9,1022.6,1031.4,2308,1023.3,411,1027.4,10.6,9.1,1200,2.38,14.68,,,,,,.6,.6,.9,-5.8,,,,,,,,,,2.4,3.4,,
155,2020-02-06,-1.4,-6.7,523,3.6,1536,,,,,,,11,50,1017,6.5,50,1025,1.9,1632,-18.9,14,1224,25.8,1.4,1027,1034,940,1030.4,1558,1031.8,10.6,8.2,1200,2.31,13.46,,,,,,3.9,1.3,.2,-8.3,,,,,,,,,,1.8,2.5,,
155,2020-02-07,2.8,-1.9,820,8.1,1456,,,,,,,8.8,320,2330,4.1,20,1607,1.8,1555,-11.9,22,1148,33.8,2.5,1022.2,1030.7,1,1023.8,1643,1026.9,10.6,7.8,1200,2.03,12,,,,,,5.6,0,2.2,-3.9,,,,,,,,,,2.1,3,,
155,2020-02-08,3,-.3,625,8.6,1601,,,,,,,8.1,290,1203,4.6,20,350,2.3,1964,-9.1,24,1548,41.9,3.1,1020.2,1027.1,2348,1021.8,1536,1024.9,10.7,9.2,1200,2.25,14.09,,,,,,.8,0,3.2,-2.2,,,,,,,,,,2.4,3.5,,
155,2020-02-09,2.3,-2.1,715,7.9,1518,,,,,,,8.5,50,325,4.9,50,337,2.2,1879,-10.1,25,1858,40,2.9,1019.5,1027.8,240,1021,1712,1024.2,10.7,9.3,1200,2.35,14.53,,,,,,.1,.1,3.5,-5,,,,,,,,,,2.1,3.1,,
155,2020-02-10,4.2,-1.5,251,10.8,1438,,,,,,,4.8,110,1457,3.5,110,1320,1,830,-4,41,9,56,4.7,1019,1027.3,2358,1021.7,124,1023.7,10.7,8,1200,2.17,12.92,,,,,,1.6,1.6,3.6,-6,,,,,,,,,,1.7,2.4,,
155,2020-02-11,7,.6,739,13.3,1324,,,,,,,5.3,110,1501,3.3,110,1344,1.2,998,-.8,39,1144,58,5.9,1023.3,1030.2,910,1026,2348,1028,10.8,8.2,1100,1.75,11.42,,,,,,5.5,1.9,5.4,-4.5,,,,,,,,,,1.5,2.2,,
155,2020-02-12,9.9,6.8,605,12.7,1712,16.18,,,,,32.2,4.8,270,2345,2.7,250,2341,.8,667,8.3,68,43,90.4,11.1,1012.6,1026,4,1012.6,1703,1017.2,10.8,0,1400,.5,1.64,,,,,,9.5,7.9,9.7,5.4,,,,,,,,,,.5,.7,,1.7
155,2020-02-13,9.8,5.1,649,15.6,1325,,,,,,,6.2,180,1513,4.1,180,1513,1.3,1097,5.9,57,1348,78.1,9.3,1013.2,1019.9,2207,1014.5,13,1017.8,10.8,8.7,1300,2.17,13.02,,,,,,3.3,1.1,9.6,1.6,,,,,,,,,,1.9,2.7,,
155,2020-02-14,10.5,6.2,804,18,1512,,,,,,,6.6,140,1649,4.2,50,1351,1.4,1214,3.6,21,1504,66.8,8,1015.2,1022.9,2218,1017.5,1438,1019.7,10.9,8.4,1200,2.37,14.7,,,,,,3,.3,10.6,3.3,,,,,,,,,,2.5,3.6,,
155,2020-02-15,11.3,6.3,530,16.6,1309,,,,,,,5.6,180,1249,3.9,140,1339,1.4,1218,6.3,46,1244,73,9.6,1013.9,1023.3,735,1011.7,2356,1018.4,10.9,5.4,1200,2.26,11.08,,,,,,7.1,3.5,9.9,2.6,,,,,,,,,,1.8,2.5,,
155,2020-02-16,5.2,-.3,2352,12.3,102,6.2,,,,,3.4,12.9,340,1612,5.8,290,1656,2.3,1976,-2.2,35,1629,61.3,6,1006.4,1015.8,2238,1006.3,520,1011,10.9,5.1,1200,2.3,11.6,,,,,,6.6,5.8,7.1,-1.6,,,,,,,,,,1.9,2.7,,.32
155,2020-02-17,-.7,-3.9,2332,2.6,1203,.5,,,,,0,13.6,320,1818,4.6,270,1957,2.2,1880,-11.5,28,1214,44.4,2.6,1011.5,1020.3,2358,1013.8,1450,1016.3,11,6.7,1300,2.12,10.35,,,,,,3.9,3.9,1.8,-5.3,,,,,,,,,,1.5,2.2,,
155,2020-02-18,0,-5.7,634,4.9,1718,,,,,,,9.5,50,240,5.2,20,1005,2.4,2040,-12.3,27,1611,40.3,2.4,1020.5,1028,2326,1020.1,4,1025.3,11,9.4,1200,2.59,16.7,,,,,,0,0,1.1,-7,,,,,,,,,,2.3,3.3,,
155,2020-02-19,5,-.4,456,11.2,1511,,,,,,,10.1,50,1239,5.7,50,1201,2,1758,-7.7,19,1631,40.4,3.5,1023.8,1030.1,901,1026.8,1507,1028.5,11,9.4,1300,2.46,16.26,,,,,,6,2.5,4.6,-3.7,,,,,,,,,,2.4,3.4,,
155,2020-02-20,7.1,2.2,650,14,1540,,,,,,,8.2,70,1404,4.3,50,1422,1.4,1167,-4.4,16,1443,46.9,4.5,1028,1035.3,2242,1029.1,21,1032.7,11.1,9.1,1200,2.46,15.63,,,,,,1.6,0,7.5,-2.3,,,,,,,,,,2.5,3.6,,
155,2020-02-21,8.6,2.9,711,14.7,1254,4.05,,,,,1.8,7.2,160,1341,4.8,160,1348,1.4,1215,1.4,36,1249,62.5,6.9,1025.8,1035.6,204,1023.7,2343,1030.5,11.1,9.2,1300,2.38,15.45,,,,,,5.9,3.3,9.8,-2.4,,,,,,,,,,2.4,3.4,,
155,2020-02-22,8.5,3.6,2348,12.4,1329,1.48,,,,,.2,12.3,320,1211,5.2,320,1213,2.5,2185,-5.9,17,1527,41,4.5,1019.4,1027.9,2357,1020.2,432,1024.1,11.2,9.4,1200,2.46,15.77,,,,,,2,1.5,8.8,.1,,,,,,,,,,3.4,4.9,,
155,2020-02-23,4.9,-.8,524,10.5,1545,,,,,,,7.5,290,142,3.9,20,1050,1.6,1425,-7.1,24,1231,43.4,3.6,1023.8,1031.7,848,1026.3,1637,1028.5,11.2,9.7,1200,2.66,17.37,,,,,,0,0,5.4,-4.5,,,,,,,,,,2.4,3.4,,
155,2020-02-24,8.4,.1,705,15.9,1353,.95,,,,,.2,7,200,1530,4.1,180,1500,1.4,1194,-1.4,15,1354,54.8,5.8,1019.8,1027.5,35,1021.9,2356,1024.4,11.2,8.7,1200,2.52,15.16,,,,,,4.9,2.5,9.9,-3.9,,,,,,,,,,2.5,3.5,,
155,2020-02-25,8.1,7.1,1054,10,554,21.38,,,,,25.8,5.2,340,1814,3,360,703,.9,779,7,82,2359,93.3,10.1,1011.7,1021.9,1,1012.5,1549,1016.3,11.3,0,1100,.08,.29,,,,,,10,8,8.8,7.1,,,,,,,,,,.4,.5,,2.63
155,2020-02-26,9,6.6,715,13.2,1505,.37,,,,,0,9.1,50,2340,5.8,20,2346,1.6,1407,4.8,54,1509,75.5,8.6,1017.1,1024.3,2357,1017.9,5,1021.7,11.3,2.5,1300,2.05,9.18,,,,,,8.9,7.6,11.3,6.5,,,,,,,,,,1.5,2.1,,
155,2020-02-27,5.9,3.3,2216,9.2,1547,1.72,,,,,.6,7.2,50,844,4.1,160,1651,2,1730,-.1,46,1529,66.3,6.1,1023.3,1029.7,2213,1024.3,1,1028,11.3,2.6,900,1.36,8.37,,,,,,7.6,7.1,7.5,-.6,,,,,,,,,,1.2,1.7,,
155,2020-02-28,5.1,3.4,530,7.5,1351,6.2,,,,,0,5,20,1431,3.2,20,1432,.7,574,1.2,58,1157,76.8,6.7,1018.8,1028.8,1,1019.5,2359,1023.5,11.4,0,1000,.43,2.46,,,,,,9.5,7.4,5.6,.7,,,,,,,,,,.6,.8,,
155,2020-02-29,6.3,3.8,748,10.3,1610,,,,,,,7.8,50,1342,5,50,1456,1.8,1575,2.6,59,1547,78.3,7.4,1013,1019.5,1,1015.3,1519,1017.6,11.4,.3,1100,1.15,7.74,,,,,,7,4.6,6.8,-.2,,,,,,,,,,1,1.5,,
155,2020-03-01,8.9,3.9,235,14.8,1404,.83,,,,,0,6.7,140,1529,4.1,140,1627,1.5,1336,3.7,47,1229,71.4,8,1013.4,1019.9,802,1015.8,1626,1018,11.4,6.6,1100,2.2,13.02,,,,,,5.5,4.6,8.8,-1,,,,,,,,,,2.1,3,,
155,2020-03-02,7.7,4.5,631,12.4,1550,,,,,,,11.6,50,1330,6.7,50,1335,2.1,1822,-4.9,16,1602,43.8,4.4,1016.8,1025.4,2359,1017.1,1,1021.5,11.5,8.8,1100,2.83,17.92,,,,,,4.3,1,8.4,1.6,,,,,,,,,,3.1,4.4,,
155,2020-03-03,7.6,4.1,653,11.7,1436,,,,,,,6.2,140,1235,4.1,180,1540,1.5,1255,.8,48,1437,62.3,6.5,1019.5,1026.8,859,1022.2,2157,1024.2,11.5,2.1,1000,1.84,9.18,,,,,,7.9,4.8,7.7,1.7,,,,,,,,,,1.6,2.2,,
155,2020-03-04,6.4,.6,2333,12.2,1217,.02,,,,,0,10,270,1404,4.1,290,1348,1.9,1670,-7.5,17,1408,41,3.9,1015.4,1022.7,2327,1017,1608,1020.1,11.6,7.7,1200,2.82,16.63,,,,,,3.8,1.5,8.9,-1.7,,,,,,,,,,3.1,4.4,,
155,2020-03-05,3.3,-1.8,601,9.4,1535,,,,,,,10.4,50,1241,6.8,50,1321,2.3,2022,-9.1,19,1318,41.4,3.1,1019.1,1026.2,851,1021.7,1649,1023.8,11.6,10.1,1200,2.89,19.31,,,,,,0,0,3.9,-5,,,,,,,,,,2.7,3.9,,
155,2020-03-06,5.9,-.7,623,12.5,1537,,,,,,,7.4,230,1901,5.1,110,1304,1.8,1526,-6.4,31,1201,41.9,3.8,1017.3,1024.5,859,1019.4,1658,1022,11.6,10.3,1200,2.86,19.23,,,,,,1.9,0,6.4,-4.7,,,,,,,,,,2.8,4,,
155,2020-03-07,6.5,3.1,453,10.4,1404,7.53,,,,,2.3,5.2,270,2339,2.5,50,1154,.8,711,1.4,48,1,70.4,6.9,1013.2,1020.7,115,1015.2,1620,1017.9,11.7,.5,1200,1.52,6.44,,,,,,8.1,5.8,5.8,-2.3,,,,,,,,,,1,1.5,,
155,2020-03-08,9,2.9,703,15.6,1450,,,,,,,8,360,126,4.7,50,134,1.7,1490,2.6,39,1428,66.5,7.4,1014,1020.9,953,1016.9,422,1018.6,11.7,10.4,1200,2.8,19.15,,,,,,0,0,11.7,-.5,,,,,,,,,,2.5,3.6,,
155,2020-03-09,9.1,5,240,13,1558,6.78,,,,,9.9,4,50,1144,2.6,50,1202,1,843,5.4,60,1405,78.9,9.1,1009.2,1019.2,20,1007.8,2358,1013.8,11.7,0,1300,1.2,6.21,,,,,,8.6,5.9,9.2,.3,,,,,,,,,,1,1.5,,
155,2020-03-10,9,5.7,2354,10.6,1557,14.13,,,,,11.4,11.5,290,1852,3.8,290,1623,1.5,1316,4.8,55,2400,76.3,8.8,1000.6,1010.5,2358,1002.1,1417,1005.1,11.8,1.1,1600,.92,4.47,,,,,,8.5,6.1,9.5,3.4,,,,,,,,,,1.2,1.7,,
155,2020-03-11,6.9,1.8,658,12.6,1542,,,,,,,9.4,290,1148,4.2,50,1310,1.6,1394,-9,12,1602,33.6,3.2,1011.9,1022.1,2343,1010.5,1,1016.6,11.8,10.6,1200,3.03,20.95,,,,,,0,0,7,-1.7,,,,,,,,,,3.6,5.2,,
155,2020-03-12,7.7,1.1,501,15.1,1232,,,,,,,8.7,180,1319,6.1,180,1315,1.8,1554,-5.5,15,1502,42.6,4.2,1017.6,1024.2,937,1020.1,1505,1022.2,11.8,10.5,1200,2.97,20.72,,,,,,1.6,0,7.4,-2.4,,,,,,,,,,3.6,5.1,,
155,2020-03-13,10.2,4.7,340,16.5,1426,,,,,,,10.1,20,1104,5.9,50,1207,1.8,1579,-2.6,19,2128,43.9,5.3,1014.3,1022.3,103,1015.7,1634,1018.9,11.9,8.1,1200,2.82,17.62,,,,,,7.1,3.5,10.6,1.3,,,,,,,,,,4,5.7,,
155,2020-03-14,6.8,2.3,729,11,1445,,,,,,,11.8,50,1318,6.9,20,457,3.2,2764,-14.7,12,1646,20.6,2,1010,1017.2,912,1012.1,1538,1014.6,11.9,10.1,1200,3.07,21.56,,,,,,2.6,2.6,8.2,-1,,,,,,,,,,4,5.7,,
155,2020-03-15,6.7,1.7,2359,12.8,1227,.58,,,,,0,16.7,290,1833,8.3,290,1815,2.3,2023,-7.3,20,1151,38,3.6,1006.7,1015.6,2400,1007.1,1634,1011.3,12,8.6,1100,2.79,15.75,,,,,,2.1,2,6.8,-2.1,,,,,,,,,,3.2,4.6,,
155,2020-03-16,5.3,.9,227,11.3,1440,,,,,,,10.2,200,1920,4.8,50,519,2.3,1946,-7.5,19,1342,39.8,3.5,1016.4,1023.9,1055,1015.5,2,1021.1,12,10.7,1200,3.07,21.46,,,,,,.6,0,7.6,-1.3,,,,,,,,,,3.3,4.8,,
155,2020-03-17,10.5,2.2,708,15.6,1431,,,,,,,11,160,1324,6.8,180,1327,2.1,1833,-1.9,26,952,42.9,5.5,1011.5,1020.7,1,1012.5,1552,1016,12,10.5,1200,2.92,19.98,,,,,,1.9,0,10.9,-1.3,,,,,,,,,,3.6,5.1,,
155,2020-03-18,10.8,4.9,651,17,1324,,,,,,,7.3,140,1442,4.9,110,1343,1.8,1552,-.2,19,1326,49.4,6.1,1010.3,1017.5,841,1012.8,2356,1014.9,12.1,10.7,1200,3.05,21.28,,,,,,1,1,12.5,-.5,,,,,,,,,,3.9,5.6,,
155,2020-03-19,12.1,6,2346,20,1207,,,,,,,13.7,290,2225,5.7,250,1326,2.7,2354,-1,16,1637,47.1,6.7,1003.6,1013.6,2349,1001.6,1401,1008.1,12.1,10.5,1100,2.66,19.48,,,,,,1.5,1.3,13.4,2.9,,,,,,,,,,4.5,6.4,,
155,2020-03-20,9.7,3.8,654,15,1229,,,,,,,10,180,1507,5.6,180,1510,2,1723,-4.7,19,1139,37.3,4.4,1010.1,1016.4,850,1013.3,1517,1014.7,12.1,10.8,1200,3.05,21.56,,,,,,0,0,13.5,-.5,,,,,,,,,,4,5.7,,
155,2020-03-21,13.1,5.4,633,18.9,1410,,,,,,,9.7,160,1516,6.5,180,1521,2.6,2217,3.9,32,313,55.3,8.5,1008.7,1015.5,749,1011,1656,1013.2,12.2,10.1,1200,2.83,19.68,,,,,,.9,0,13.8,2.1,,,,,,,,,,3.3,4.7,,
155,2020-03-22,13,9,2313,19.8,1150,,,,,,,9.8,180,1705,6,160,1510,2.3,2007,7.4,41,1122,70.3,10.4,1007.9,1015.7,2323,1009.9,246,1012.4,12.2,8.8,1300,2.8,18.18,,,,,,4.4,2.3,15.6,6.4,,,,,,,,,,3.3,4.8,,
155,2020-03-23,13.2,8.2,645,18.6,1321,,,,,,,7.1,180,1334,4.5,110,1249,1.8,1557,-4.9,16,2037,29.3,4.4,1011.7,1018.6,939,1013.5,1629,1016.2,12.3,11.3,1200,3.07,22.03,,,,,,0,0,14.4,5.7,,,,,,,,,,4.6,6.6,,
155,2020-03-24,10.6,6.5,542,16,1211,,,,,,,8.5,180,1603,5.7,180,1620,2,1764,1,37,1058,52.1,6.6,1016.3,1022.8,2338,1017.8,1,1020.8,12.3,11,1200,3.01,20.97,,,,,,.9,.5,13.4,1.3,,,,,,,,,,3.4,4.9,,
155,2020-03-25,11.5,5.9,556,17.1,1355,,,,,,,7.3,180,1455,5,160,1438,1.7,1489,3.5,39,1554,59.6,7.9,1017,1023.5,859,1019.8,1517,1021.6,12.3,10.9,1200,3.06,21.63,,,,,,2.9,1.1,14.5,1.3,,,,,,,,,,3.3,4.7,,
155,2020-03-26,12.6,9.8,306,15.4,2342,15.6,,,,,13,4.4,180,1813,2.7,180,1843,.9,744,9.8,59,48,84,12.5,1012.5,1020.6,34,1011.9,2356,1017,12.4,0,1100,.54,2.4,,,,,,9.8,7.5,12.5,7,,,,,,,,,,.6,.8,,
155,2020-03-27,14.8,11.9,2351,20.9,1432,6.7,,,,,1.3,7.4,160,1611,4.6,160,1617,1.3,1161,12.9,68,1436,89,15,1006.8,1016.9,2326,1008.5,501,1011.3,12.4,1.6,1400,2.17,6.98,,,,,,9.4,8.8,17.8,12,,,,,,,,,,1.6,2.2,,4.12
155,2020-03-28,9,7,621,12.2,3,,,,,,,8,340,503,3.6,50,1403,1.9,1647,-.4,44,459,51.9,6,1014.5,1020.8,2357,1016.2,2,1019.1,12.4,0,1000,1.37,8.34,,,,,,8.4,4.5,9.4,5.6,,,,,,,,,,1.7,2.4,,
155,2020-03-29,9,4,441,14.7,1420,,,,,,,7.9,180,1450,4.8,180,1740,1.8,1515,1.6,40,1323,60.9,6.9,1016.8,1022.9,649,1019.5,1440,1021.4,12.5,7.1,1300,2.43,17.08,,,,,,6.4,2.9,10.7,.5,,,,,,,,,,2.6,3.7,,
155,2020-03-30,10.8,7.7,306,16.3,1224,,,,,,,7.8,180,1759,5.1,160,1519,1.8,1555,3.3,42,1156,60.6,7.7,1015.9,1022,921,1018.7,1529,1020.4,12.5,11,1200,2.94,20.9,,,,,,6.4,2.5,13.7,3.6,,,,,,,,,,3.1,4.5,,
155,2020-03-31,11.5,6.5,451,18.6,1241,,,,,,,8.2,160,1335,5.4,160,1338,1.9,1623,4.6,31,1227,64.8,8.5,1012.3,1020.7,26,1014.1,2358,1016.8,12.5,10.7,1200,3.16,22.46,,,,,,3.6,1.3,14.6,3.6,,,,,,,,,,3.2,4.6,,
155,2020-04-01,12.8,9.3,504,19.3,1453,4.53,0,,0,,0,12.1,50,911,4.7,140,1524,1.7,1486,1.4,20,2243,50.6,7.2,1007.9,1016.5,2400,1010.5,1246,1012.4,12.6,4.8,1300,2.84,14.1,,,,,,5.3,4.6,14.3,6.6,,,,,,,,,,3.6,5.1,,
155,2020-04-02,10.5,6.4,247,16.8,1321,,,,,,,7.7,20,807,4.7,160,1605,2.1,1842,-4,18,1217,36.9,4.6,1016.8,1023.4,951,1016.5,1,1021.4,12.6,11.1,1200,3.14,22.65,,,,,,2.8,0,12.5,3,,,,,,,,,,4.1,5.8,,
155,2020-04-03,12.1,5.8,616,19.6,1416,,,,,,,8.8,70,1156,5,50,1215,1.6,1360,-4.3,10,1055,36.5,4.7,1015.2,1022.3,740,1016.8,1624,1019.7,12.7,11.3,1200,3.17,23.4,,,,,,1.1,0,14,1.6,,,,,,,,,,5.3,7.6,,
155,2020-04-04,13,6.4,637,22.7,1442,,,,,,,10.8,180,1719,6.1,180,1727,1.8,1565,-2.5,12,1414,37.5,5.4,1012.8,1020.5,2358,1013.3,1437,1017.3,12.7,11.7,1200,3.21,23.74,,,,,,.6,.6,15.4,2.2,,,,,,,,,,5.3,7.6,,
155,2020-04-05,9,4.4,638,15.7,1350,,,,,,,8.1,180,1809,5.1,140,1632,2,1713,-8.4,11,1353,30.5,3.4,1016.6,1023.1,943,1018.7,1626,1021.2,12.7,11.7,1200,3.4,25.3,,,,,,0,0,13.2,1,,,,,,,,,,4.6,6.6,,
155,2020-04-06,10.2,3.8,603,17,1331,,,,,,,7.6,180,1749,5.2,110,1353,2,1708,-1.4,19,1040,46.3,5.6,1015.1,1022.3,40,1016.7,1800,1019.7,12.8,10.4,1200,3.32,23.72,,,,,,4,.1,13.6,-.4,,,,,,,,,,4.1,5.8,,
155,2020-04-07,13.6,7.7,240,21.6,1347,,,,,,,7.6,250,1448,4.2,20,946,1.4,1230,-1.2,19,1340,37.8,5.6,1010.4,1017.2,1,1012.3,1626,1014.8,12.8,11.1,1200,3.04,22.15,,,,,,1.4,0,15.6,3.5,,,,,,,,,,4.6,6.5,,
155,2020-04-08,14.1,9,2348,20.7,1434,,,,,,,8,320,408,4.2,160,1958,1.7,1485,-3.2,10,1408,35.4,5.1,1011.9,1020.6,2343,1013.9,119,1016.4,12.8,11.6,1200,3.22,24.18,,,,,,.9,0,17,4.2,,,,,,,,,,5.2,7.4,,
155,2020-04-09,11,5.1,559,18.2,1510,,,,,,,9.6,70,1027,5.5,50,1106,1.7,1484,-3.3,13,1322,40.8,5,1016.6,1024.4,2357,1018.7,1514,1021.1,12.9,11.7,1200,3.16,23.37,,,,,,.9,0,14.9,.2,,,,,,,,,,4.3,6.1,,
155,2020-04-10,9.3,7.8,656,11.3,1539,3.57,0,,0,,0,5,20,219,3.1,20,57,1.4,1228,1.3,49,1602,57.6,6.7,1020.8,1027.2,1042,1024.2,1837,1025.4,12.9,0,1500,.74,4.84,,,,,,9.4,8.5,10.6,6,,,,,,,,,,1.1,1.6,,
155,2020-04-11,9.4,6.4,436,14.1,1112,10.57,.4,1828,.9,2000,2.8,5.5,200,1152,3.2,160,1309,.9,758,3.9,45,1117,70.6,8.1,1015,1024.9,1,1015.9,2352,1019.6,12.9,.3,1100,1.79,10.13,,,,,,9.5,7.1,12.1,3.3,,,,,,,,,,1.6,2.3,,
155,2020-04-12,8.8,6.4,558,13,1507,10.7,.6,1204,2,1121,6.9,13.3,70,2251,7,50,1828,1.9,1630,4,51,1644,73.3,8.2,1006.9,1015.9,1,1009.2,1509,1011.4,13,2.5,1400,2.5,8.97,,,,,,8.8,6.8,12.7,6.1,,,,,,,,,,1.7,2.5,,
155,2020-04-13,9.7,6.4,618,14.6,1641,.02,0,,0,,0,8.7,340,1346,3.3,140,1436,1.7,1466,-2.5,26,1531,44.3,5.1,1007.4,1016.2,2348,1009.4,310,1011.9,13,6.4,1000,2.37,17.94,,,,,,5,1.5,9.8,1.1,,,,,,,,,,3.1,4.4,,
155,2020-04-14,13,4.4,539,22.5,1434,,,,,,,8.1,180,1657,4.6,180,1712,1.5,1254,-.6,12,1259,43.6,5.9,1011.1,1017.7,729,1013.4,1656,1015.7,13.1,12,1200,3.43,25.89,,,,,,2.3,0,14.7,-.5,,,,,,,,,,5.4,7.7,,
155,2020-04-15,12.8,8,556,19.8,1343,,,,,,,7.5,180,1605,3.9,180,1612,1.1,946,-2.9,17,1200,37.3,5.1,1009.9,1016.3,2353,1012.8,1442,1014.4,13.1,4.9,1300,2.62,17.28,,,,,,7.3,0,13.9,3.9,,,,,,,,,,3.5,5,,
155,2020-04-16,12,7,525,18.1,1211,,,,,,,8.2,140,1345,5.3,160,1446,1.9,1679,4.2,42,1148,59.8,8.3,1014.4,1021,2150,1016.3,1,1018.9,13.1,11,1200,3.06,22.95,,,,,,2.8,0,15.2,2.8,,,,,,,,,,3.2,4.6,,
155,2020-04-17,10.6,8.9,505,12.3,1558,11.75,1.4,1341,4.2,1301,19.3,6.1,140,1704,3.6,140,1708,.7,606,8.6,69,8,88.1,11.3,1010,1020.2,1,1010.2,1955,1014.6,13.2,0,1400,.54,2.81,,,,,,8.6,7.5,12.1,6.7,,,,,,,,,,.9,1.2,,
155,2020-04-18,13.7,8.5,254,20.2,1618,.12,0,,0,,0,10.2,20,1207,5.7,50,1233,1.9,1614,6.6,37,1514,65.3,9.8,1010.8,1019.8,2243,1010.6,115,1015.3,13.2,11.6,1200,3.44,24.48,,,,,,3.3,2.8,15.8,6.3,,,,,,,,,,3.8,5.5,,
155,2020-04-19,11.1,9.6,2033,14.2,1134,10.53,1.9,1957,7.8,1955,30,7.5,160,1309,4.5,110,1339,1.4,1235,8,60,1153,82.3,10.7,1009.4,1019.7,1,1006.3,2328,1013.9,13.2,.1,1100,.85,4.46,,,,,,9.8,6.3,12,8.1,,,,,,,,,,1.2,1.7,,
155,2020-04-20,13.9,8.6,602,19.2,1312,.23,.1,,.1,,.1,9.2,290,2355,5.7,180,1413,1.9,1615,6.1,31,2307,62.1,9.6,1005.6,1012.7,2352,1006.3,4,1010,13.3,10.7,1200,3.31,23.36,,,,,,5.1,3.8,17.2,7.6,,,,,,,,,,4.3,6.1,,
155,2020-04-21,11.6,6.5,2358,18.6,1306,,,,,,,13.4,270,1724,5.7,290,1527,2.3,1996,-6.5,12,1322,29.9,4,1009.6,1017,2357,1010.4,1620,1014.1,13.3,10.7,1200,3.45,26.4,,,,,,4.6,0,13.5,4.8,,,,,,,,,,5.7,8.2,,
155,2020-04-22,8.3,3.3,447,15,1433,,,,,,,12.3,340,1220,5.9,290,1529,2.2,1904,-8.5,12,1434,31.1,3.2,1011.2,1018.1,643,1012.1,1609,1015.8,13.3,11.4,1200,3.55,27.1,,,,,,2.3,.3,11.1,.8,,,,,,,,,,5,7.1,,
155,2020-04-23,9.4,2.6,507,16.2,1524,,,,,,,10.7,290,1049,5.2,290,1029,2,1690,-5.5,20,1634,35.9,4.1,1011,1017.5,1,1012.6,1619,1015.6,13.4,12.1,1200,3.55,26.55,,,,,,1.8,.9,12.5,-.6,,,,,,,,,,4.8,6.8,,
155,2020-04-24,11,4.1,349,16.2,1623,,,,,,,10.9,200,1429,7,180,1445,2.4,2042,-4.4,20,1058,33.9,4.5,1011.2,1017.1,836,1012.7,1615,1015.8,13.4,12.2,1200,3.46,26.67,,,,,,.4,.1,13.1,1,,,,,,,,,,4.9,7,,
155,2020-04-25,14.7,7.8,459,20.7,1425,,,,,,,13.3,160,1557,6.3,180,1610,2.4,2107,4.9,32,1238,53,8.8,1008.3,1017.1,1,1009.3,1711,1012.8,13.4,12,1200,3.34,25.4,,,,,,0,0,16.5,5.2,,,,,,,,,,4.7,6.8,,
155,2020-04-26,13.9,9.1,508,20.8,1517,,,,,,,9.7,110,1751,5.5,160,1800,1.9,1636,1.4,14,1531,47.5,7,1011.9,1020.1,2321,1012.9,137,1016.4,13.5,12,1200,3.48,27.12,,,,,,2.3,1.1,17.8,5,,,,,,,,,,5,7.2,,
155,2020-04-27,13,7.3,543,19.4,1344,,,,,,,9.3,180,1554,5.1,180,1556,1.5,1321,2.4,22,1205,52.5,7.4,1014.8,1020.8,915,1017,1616,1019.3,13.5,9.3,1100,3.23,20.17,,,,,,2.5,2.5,15.4,3.6,,,,,,,,,,3.7,5.3,,
155,2020-04-28,13.4,7.3,528,21.1,1328,,,,,,,9.7,180,1618,6.5,180,1623,1.9,1607,.8,17,1250,46.1,6.6,1015.5,1022.6,855,1017.6,1721,1020,13.5,12.2,1200,3.46,27.03,,,,,,.3,.3,16.8,3.4,,,,,,,,,,5.4,7.7,,
155,2020-04-29,15.2,7.6,550,24.5,1427,,,,,,,8.5,200,1600,4.2,200,1547,1.6,1376,2.7,13,1414,47,7.4,1014.8,1021.3,837,1017.7,1614,1019.3,13.6,12.2,1200,3.4,26.89,,,,,,0,0,18.3,3.9,,,,,,,,,,5.8,8.3,,
155,2020-04-30,16.7,8.7,558,23.1,1425,,,,,,,10.4,160,1355,5.6,160,1358,2,1718,9.1,42,932,62.5,11.9,1012.7,1020.1,640,1014.5,1924,1017.1,13.6,12.2,1200,3.42,27.28,,,,,,.6,.5,20,4.2,,,,,,,,,,4.7,6.7,,
155,2020-05-01,19.2,15,339,24.9,1304,,,,,,,9.6,160,1214,5,160,1413,2.1,1846,14.4,55,1304,75.5,16.4,1010.3,1016.4,954,1012.7,1725,1014.7,13.6,10.7,1200,3.39,23.44,,,,,,4.5,3.5,22.4,12.6,,,,,,,,,,4.1,5.9,,
155,2020-05-02,18.8,15.2,536,23.7,1214,2.82,.7,2344,1.8,2301,1.8,6.9,110,1138,4.8,110,1140,1.9,1621,15.1,61,1202,80.1,17.1,1008.3,1014.7,810,1010.7,1730,1012.7,13.6,5.1,1000,2.83,15.84,,,,,,9,5.5,21.4,13.2,,,,,,,,,,2.4,3.5,,
155,2020-05-03,16.2,15.1,352,17,1,15.77,1.1,853,2.2,808,13.4,5.7,160,816,3.3,160,817,.9,735,15.1,85,1426,93.4,17.1,1003,1011.2,1,1005.1,1802,1007.4,13.7,0,1200,.6,2.11,,,,,,10,7.5,17.7,15,,,,,,,,,,.9,1.2,,1.27
155,2020-05-04,21,16,139,28.4,1353,,,,,,,6.7,20,1212,4,50,1049,1.4,1207,16.2,48,1353,75.8,18.4,1002.9,1011,2332,1004.5,324,1007.2,13.7,10.2,1100,3.22,23.83,,,,,,5.1,3.4,23.8,15,,,,,,,,,,4.1,5.9,,
155,2020-05-05,16.1,13.8,2345,18.4,1521,.18,0,,0,,0,5.5,200,2032,3.4,160,1112,1.4,1238,12.4,69,905,78.8,14.4,1007.4,1013.1,747,1010.4,1824,1011.8,13.7,0,1200,1.47,10.03,,,,,,8.9,6.6,19.8,13.1,,,,,,,,,,1.9,2.7,,
155,2020-05-06,17.9,12.9,228,24,1130,.02,0,,0,,0,7.9,140,1444,5.2,140,1415,2.2,1929,10,34,2147,62.4,12.6,1008.8,1017.3,2312,1010.9,320,1013.2,13.8,12.3,1200,3.42,27.25,,,,,,1.4,1.1,20.4,11.9,,,,,,,,,,4.9,7.1,,
155,2020-05-07,17.1,10.5,446,23,1220,,,,,,,9.4,70,1312,5.7,70,1334,2.2,1914,.2,14,1656,36,6.4,1014.1,1020.3,740,1016.9,29,1018.5,13.8,12.3,1300,3.5,27.58,,,,,,4.3,0,19.7,6.9,,,,,,,,,,6.4,9.2,,
155,2020-05-08,17.2,9.6,539,21.8,1505,.37,0,,0,,0,7.6,160,1615,4.2,160,1250,1.7,1491,7,29,2,52.5,10.6,1011.8,1019.3,1,1014.1,2354,1016.3,13.8,9.7,1000,3.17,23.92,,,,,,6,3.4,20.4,6.1,,,,,,,,,,3.5,5.1,,
155,2020-05-09,15.9,14.5,825,18.4,1741,16.7,2.2,819,6.5,731,50.3,10.4,180,858,5.8,180,905,2.8,2461,14.3,64,39,90.9,16.4,1003.4,1014.1,1,1004,1708,1007.9,13.9,0,1200,.38,1.96,,,,,,9.4,8,17,14.6,,,,,,,,,,.9,1.2,,
155,2020-05-10,17.8,14,539,22.6,1617,,,,,,,6.5,110,1409,4.3,90,1416,2,1710,12.5,54,1937,72,14.5,1001.9,1009.7,2353,1004.5,155,1006.3,13.9,6.1,1300,3.01,19.27,,,,,,6.1,5,20.5,14.1,,,,,,,,,,3.6,5.1,,
155,2020-05-11,20.7,13.6,555,28.7,1450,,,,,,,8.9,290,1334,3.7,230,1624,1.4,1179,8.1,17,1254,49.5,11.1,1003.1,1010.1,559,1005,1656,1007.5,13.9,12.4,1200,3.53,28.55,,,,,,1.4,0,21.9,11.1,,,,,,,,,,5.9,8.5,,
155,2020-05-12,18.7,14.3,2359,23.7,1043,,,,,,,10.9,180,1314,6.5,180,1318,2.5,2162,6.5,24,1020,46.4,10,1000.8,1009.8,2358,1002.8,1542,1005.2,13.9,11.4,1200,3.4,26.88,,,,,,.9,.4,21.4,12,,,,,,,,,,5.4,7.7,,
155,2020-05-13,17.4,10.7,445,24,1559,,,,,,,6.5,90,1229,4.3,90,1235,1.6,1348,5.2,29,1447,46.3,8.9,1011,1018,2256,1009.6,2,1015.4,14,12.5,1200,3.55,29.08,,,,,,.1,.1,21.7,7.5,,,,,,,,,,5.4,7.7,,
155,2020-05-14,18.9,12.9,546,25.5,1449,,,,,,,6.3,110,1204,3.8,140,1211,1.3,1094,5.3,25,1315,42.4,8.9,1012.6,1019.6,743,1014.8,1700,1017,14,9.8,1400,2.99,22.42,,,,,,5.6,2.3,20.9,9.1,,,,,,,,,,4.3,6.2,,
155,2020-05-15,15.7,14.1,1254,17.6,506,10.83,.7,805,2.8,726,10.6,7.7,160,1050,4.7,160,1052,1.2,1078,12.6,48,12,82.9,14.7,1006.6,1015.9,7,1008.3,1730,1011,14,0,1100,.64,3,,,,,,10,8.4,17.1,15,,,,,,,,,,.8,1.1,,.82
155,2020-05-16,18.3,15.1,207,25.6,1435,4.62,.1,,.3,119,.4,6.8,140,1725,4.1,160,1719,1.6,1364,15.6,59,1419,85.1,17.8,1001.9,1008.9,7,1003.5,1544,1006.3,14.1,4.9,1200,3.24,19.01,,,,,,9,7.3,21.8,15.3,,,,,,,,,,3.1,4.4,,1.9
155,2020-05-17,18.1,15.7,124,22.4,1358,1.83,0,,0,,0,6.6,140,1413,4.8,140,1416,1.9,1649,15.2,68,1359,84.3,17.3,1001.8,1008.1,826,1004.7,1817,1006.2,14.1,8.5,1200,3.21,22.67,,,,,,8.6,4,22.2,15.1,,,,,,,,,,3.5,5,,
155,2020-05-18,17.7,15.3,545,20.1,1633,3.85,.2,,.3,2245,.3,5.9,180,1706,3.9,180,1807,1.5,1296,15.3,77,1252,86.6,17.4,996.8,1005.4,1,997.6,2348,1001.1,14.1,.2,1200,.93,6.6,,,,,,9.8,7.8,20,14.6,,,,,,,,,,1.6,2.2,,
155,2020-05-19,14.9,10.6,425,19.6,1543,2,.6,17,1.5,11,1.5,8.1,290,1558,3.6,270,1600,1.5,1265,8.3,47,954,65.6,11,995.5,1005.4,2352,997,1428,999.9,14.1,6.6,900,2.44,15.26,,,,,,4.1,3.4,17.9,9.5,,,,,,,,,,2.6,3.7,,
155,2020-05-20,15.2,11,514,22,1300,,,,,,,8.7,140,1415,5.8,160,1420,2.1,1854,8.4,42,1133,65.1,11,1006.2,1014.7,2231,1005.4,1,1010.6,14.2,7.5,1100,3.43,20.37,,,,,,4.6,4.6,18.2,9,,,,,,,,,,3.2,4.5,,
155,2020-05-21,14.4,12.2,353,17.7,1055,,,,,,,7.8,140,1422,5,160,1654,2.2,1901,9.6,62,1237,73.4,11.9,1011.5,1017.5,2253,1014,201,1016,14.2,4.4,1400,3.08,16.99,,,,,,6,6,18.2,11.2,,,,,,,,,,2.8,4,,
155,2020-05-22,15.3,11.2,517,20.3,1441,,,,,,,5.7,160,1633,3.8,160,1637,1.6,1390,10.3,55,1447,73.3,12.5,1010.2,1017,1,1012.4,1739,1014.7,14.2,9.5,1400,2.97,22.46,,,,,,3.6,1.6,20.3,8.9,,,,,,,,,,3.6,5.1,,
155,2020-05-23,16.4,10.8,318,21.8,1222,,,,,,,7.8,180,1357,4.9,160,1405,1.8,1552,11.3,53,1117,73.3,13.5,1008.1,1014.4,749,1010.3,1656,1012.6,14.2,12.7,1200,3.51,28.57,,,,,,.8,0,21.8,8.1,,,,,,,,,,4.4,6.2,,
155,2020-05-24,19.3,12.6,508,25.7,1226,,,,,,,9,160,1252,4.7,180,1253,1.8,1558,14.6,53,1155,75.8,16.6,1005.8,1012.4,1,1008.7,1322,1010.2,14.2,7.4,1100,2.92,20.14,,,,,,7.4,1.8,21.6,10,,,,,,,,,,3.4,4.9,,
155,2020-05-25,20,16,538,25.5,1226,,,,,,,5.8,50,948,3.5,50,948,1,880,13.5,38,1228,69.3,15.6,1006.2,1011.7,815,1009.3,1810,1010.6,14.3,3.3,1200,2.72,17.34,,,,,,8.4,3.5,23,13.3,,,,,,,,,,3,4.3,,
155,2020-05-26,19.2,15.8,2355,24.6,1536,,,,,,,5.3,110,1459,3.5,110,1504,1.2,1007,13.1,47,1530,69.1,15.1,1003.8,1010.5,17,1006.1,1641,1008.2,14.3,4.8,1400,2.69,15.44,,,,,,7.3,1.4,22.4,14.3,,,,,,,,,,3.2,4.5,,
155,2020-05-27,19.7,14.8,341,27.1,1530,,,,,,,8.9,160,1603,5.9,160,1633,1.8,1543,9,17,1524,55.5,11.8,1003.7,1009.6,902,1006.6,1531,1008.1,14.3,11.5,1300,3.6,28.24,,,,,,5.5,0,23.7,12.6,,,,,,,,,,5.7,8.1,,
155,2020-05-28,19.7,13.8,521,26.7,1252,,,,,,,7.6,230,1616,4.9,180,1602,1.4,1188,10.9,32,1046,59.8,13,1004.5,1011,2357,,1350,1008.8,14.3,12.5,1100,3.37,28.08,,,,,,1.1,0,24.1,10.9,,,,,,,,,,5.4,7.7,,
155,2020-05-29,18.9,14.4,509,26.6,1131,,,,,,,8.2,160,1450,5.5,160,1210,1.7,1459,11.7,37,1124,64.8,13.8,1010.4,1018.2,2322,1010.9,12,1014.8,14.3,12.1,1200,3.54,27.88,,,,,,3.1,.1,25.5,10.9,,,,,,,,,,4.8,6.9,,
155,2020-05-30,19.7,15.6,15,24.8,1454,,,,,,,4.8,110,1625,3.4,140,1631,1.2,1016,10.7,39,1357,57.8,12.9,1013,1019.1,854,1015.9,1739,1017.4,14.4,3,1400,2.04,16.89,,,,,,8.1,0,22.8,13.4,,,,,,,,,,3,4.3,,
155,2020-05-31,19.3,14.6,537,24.6,1334,3.93,.3,437,.5,351,.5,6.1,140,1458,4,140,1502,1.5,1274,13.6,40,1131,71.5,15.7,1007.9,1016.3,1,1010.3,1805,1012.3,14.4,4.3,1300,3.13,19.78,,,,,,8.9,7.4,24.5,14.6,,,,,,,,,,3.7,5.3,,
155,2020-06-01,22.9,17.1,533,30.2,1537,,,,,,,6.5,250,1956,3.1,110,1037,1.1,976,13.5,20,1559,58.9,15.8,1004.5,1010.7,802,1006.1,1700,1008.8,14.4,11.1,1300,3.43,26.55,,,,,,4.5,1.6,26.9,14.4,,,,,,,,,,5.7,8.2,,
155,2020-06-02,21.1,15.7,519,27.4,1357,,,,,,,10.8,200,1840,4.9,200,1832,2,1745,9.1,25,1116,48.5,11.6,1003.6,1010.3,717,1005,1833,1007.9,14.4,12.2,1200,3.54,28.41,,,,,,3.8,1.1,26.1,11.4,,,,,,,,,,5.6,8,,
155,2020-06-03,21.3,16.5,250,26.8,1456,,,,,,,7.7,160,1725,4.3,110,1340,1.5,1305,16.6,60,1456,75.6,19,1000.5,1007,1,1002.7,1821,1004.8,14.4,6,1400,2.82,20.12,,,,,,7.4,1.6,24.6,14.8,,,,,,,,,,3.7,5.3,,
155,2020-06-04,23.8,19.7,155,31.1,1341,,,,,,,6.2,110,1209,4,110,1211,1.5,1318,18.4,48,1342,73.5,21.3,999.7,1006,2314,1002.8,1719,1004,14.4,11.3,1200,3.3,26.16,,,,,,5.3,2.1,29.7,18.2,,,,,,,,,,4.9,7,,
155,2020-06-05,22.6,18.6,520,28.9,1329,,,,,,,6.8,140,1411,4.6,160,1355,1.9,1624,17.2,51,1319,73.3,19.7,1002.6,1009.3,2324,1005.1,308,1006.9,14.4,10.8,1300,3,22.57,,,,,,6.4,0,26.7,16.3,,,,,,,,,,4.1,5.8,,
155,2020-06-06,21.7,18.2,242,28.1,1333,,,,,,,8,140,1549,5.3,160,1546,1.3,1093,16,50,1334,71.5,18.2,1004.9,1011.5,2245,1007.4,1346,1009.3,14.5,7,1300,2.99,20.7,,,,,,8.3,4.4,28.2,17.4,,,,,,,,,,3.9,5.6,,
155,2020-06-07,21.1,17.5,2300,27.2,1104,,,,,,,8.7,140,1407,6,160,1407,1.4,1183,11.3,33,1701,54.6,13.5,1008,1013.7,2245,1010.9,114,1012.3,14.5,9.8,1200,3.42,26.36,,,,,,2.5,2.5,26.7,14.4,,,,,,,,,,5.4,7.7,,
155,2020-06-08,23,16.1,506,29.6,1444,,,,,,,7.3,160,1229,5.4,160,1224,1.4,1194,7.5,17,1713,39.4,10.5,1010.6,1016.2,2244,1013.7,1,1014.9,14.5,12.7,1200,3.47,28.74,,,,,,0,0,29.5,12.9,,,,,,,,,,6.7,9.5,,
155,2020-06-09,24.6,17,514,32.9,1420,,,,,,,7,160,1737,4.5,160,1515,1.5,1299,12,23,1301,47.8,14.1,1010.4,1016.1,1,1013,1633,1014.7,14.5,12.9,1200,3.53,29.36,,,,,,0,0,28.1,12.8,,,,,,,,,,6.6,9.4,,
155,2020-06-10,24.7,19.4,446,30.4,1024,.58,0,,0,,0,7.6,160,1122,5.1,160,1131,1.9,1645,16.7,43,1038,62.4,19.1,1005.3,1014.5,1,1006.4,2359,1009.6,14.5,10.9,1300,3.4,25.91,,,,,,5.5,2.5,29.5,16.7,,,,,,,,,,4.8,6.9,,
155,2020-06-11,23.7,20.6,221,30.3,1411,5.47,1.2,208,2.4,207,6.2,7.2,140,1622,5,140,1534,1.6,1385,20.8,56,1408,84.8,24.5,999.1,1006.4,1,1001.6,1407,1003.4,14.5,5,1100,2.71,19.1,,,,,,8,6.9,25.8,20.9,,,,,,,,,,3.3,4.7,,.33
155,2020-06-12,24.3,21.7,2347,29.5,1526,2.87,.9,2345,5.6,2329,2.6,6.7,200,1829,4.4,160,1553,1.5,1254,21,65,1527,82.9,24.9,1000.8,1006.5,929,1003.7,1636,1005.1,14.5,4.5,1400,2.5,16.9,,,,,,8.9,7.6,27.2,21.9,,,,,,,,,,3.1,4.5,,
155,2020-06-13,22.8,20.8,634,26.8,1507,13.83,5.1,207,18,136,53,5.3,180,2249,3.5,160,1309,1.4,1246,20.8,74,1453,88.8,24.5,1001.1,1006.6,1116,1003.1,123,1005.4,14.5,.9,1400,1.96,11.4,,,,,,9.8,7.4,25.7,21.2,,,,,,,,,,2,2.8,,
155,2020-06-14,24.3,22.4,19,28.1,1733,10.53,1.1,942,2.8,922,9.3,7.2,230,1211,3.5,160,1100,1.6,1344,20.6,56,2341,81.5,24.5,999.8,1006,2240,1002.7,1641,1004.1,14.5,2.4,1300,2.32,9.37,,,,,,8,4.9,24.6,20.4,,,,,,,,,,2.5,3.5,,
155,2020-06-15,24.5,19.4,430,30.2,1312,,,,,,,6.5,180,1713,4,180,1543,1.4,1199,14.7,34,1252,56.1,16.8,1001.7,1007.7,750,1004,1551,1006,14.5,12.6,1200,3.42,28.64,,,,,,5,0,25.5,17,,,,,,,,,,5.9,8.4,,
155,2020-06-16,23.3,19.4,2344,31.5,1320,,,,,,,10.7,160,1329,6.6,160,1335,1.8,1539,13.3,28,1302,55.3,15.4,1001.5,1007.9,2139,1004.4,1304,1005.8,14.5,12.9,1200,3.56,28.94,,,,,,5,0,25.4,18.2,,,,,,,,,,5.5,7.8,,
155,2020-06-17,22.2,17.7,512,27.2,1419,3.82,.1,,.5,2327,.2,5.2,180,1402,3.5,160,1405,1.1,972,14.1,34,1422,62.4,16.3,1001.7,1007.2,4,1004.7,1755,1006,14.5,4.8,1300,2.28,17.81,,,,,,9.3,1.6,24.1,16.4,,,,,,,,,,3.2,4.5,,
155,2020-06-18,17.9,16.2,350,19.7,1,20.82,1.6,1759,6.3,1802,41.4,6,70,2122,2.8,70,2110,1.1,917,16.1,83,2128,89.4,18.3,998.5,1005.7,5,1000.5,1824,1002.8,14.5,0,1000,.49,2.68,,,,,,10,7.5,19.5,16.9,,,,,,,,,,.9,1.2,,
155,2020-06-19,21.7,17.5,544,27.7,1532,4.45,.4,118,.7,111,1,6.7,160,1655,4.5,160,1657,1.6,1370,16.3,41,1456,73.3,18.6,1001.5,1010.7,2400,1001.1,44,1005.9,14.5,8.6,1100,3.37,24.77,,,,,,6.8,4.3,23.8,17.7,,,,,,,,,,4.4,6.3,,
155,2020-06-20,21,18.1,2400,25.6,1235,,,,,,,7.7,140,1434,4.8,160,1433,1.4,1169,16.8,63,1237,77.8,19.2,1006.6,1012.4,818,1009.7,1751,1011,14.5,4.9,1200,3.16,17.87,,,,,,6.1,4.5,23.1,16.9,,,,,,,,,,3.4,4.9,,
155,2020-06-21,21.1,16.5,443,26.9,1231,,,,,,,6.2,140,1439,4.1,160,1445,1.6,1421,16.1,55,1233,74.4,18.3,1004.3,1010.5,4,1007,1629,1008.6,14.5,11.9,1100,3.41,28.32,,,,,,1.9,1.1,25,14.7,,,,,,,,,,4.8,6.9,,
155,2020-06-22,22.8,16.5,327,27.7,1218,,,,,,,6.7,140,1335,4.6,140,1332,1.5,1278,16.2,48,1656,68.4,18.3,1004.8,1010.7,2252,1008,303,1009.2,14.5,13,1200,3.55,30.03,,,,,,0,0,26.6,14.1,,,,,,,,,,5.6,8.1,,
155,2020-06-23,23.5,18,407,29.1,1401,,,,,,,6.2,180,1201,4,140,1119,1.6,1380,17.1,43,1157,69.3,19.5,1005.6,1010.9,635,1009.2,1636,1009.9,14.5,11.7,1200,3.59,28.65,,,,,,3.9,.4,27.9,15.3,,,,,,,,,,5.2,7.4,,
155,2020-06-24,21.8,19.9,515,24.7,1027,10.95,3.7,2020,13.9,1937,49.9,8.6,140,2035,4.6,160,1918,1.9,1655,18.6,67,1031,82.9,21.5,1001.8,1009.3,1,1003,2354,1006.1,14.5,.4,1000,1.5,7.97,,,,,,9.1,4.6,22.5,18.4,,,,,,,,,,1.5,2.2,,
155,2020-06-25,22.2,21.1,1,24.4,1022,10.37,.9,9,3.3,3,13.1,5.7,180,1143,3.4,180,1149,1.5,1257,20.9,85,1005,92.8,24.7,998.4,1003.9,2227,1001.7,259,1002.7,14.5,0,900,.69,4.09,,,,,,9.9,6.5,23.2,20.9,,,,,,,,,,1.3,1.9,,
155,2020-06-26,24.3,19.6,654,31.4,1448,,,,,,,6.9,200,1633,2.7,140,2050,1.3,1090,18.2,43,1512,70.9,20.9,1002,1008.5,2208,1003.5,42,1006.2,14.5,11.7,1200,3.5,28.88,,,,,,4.8,1.5,27.2,19.4,,,,,,,,,,5.1,7.2,,
155,2020-06-27,24.2,19.1,538,30.4,1353,,,,,,,4.4,140,1850,3.1,140,1849,1,835,18.3,44,1126,72.3,21.1,1000.4,1008.3,1,1002.9,1808,1004.7,14.5,7,1000,2.72,19.6,,,,,,5.6,.3,25,18.1,,,,,,,,,,3.8,5.4,,
155,2020-06-28,25.6,20.4,540,32,1223,,,,,,,7.8,180,1516,4.6,180,1521,1.7,1463,19.1,42,1309,69.3,22,999.7,1006.5,2148,1002.5,312,1003.9,14.5,12.1,1100,3.5,27.72,,,,,,3.4,1.4,27.5,19.2,,,,,,,,,,5.1,7.3,,
155,2020-06-29,21.9,18.8,1742,25.5,1137,10.7,7.4,1716,30.1,2231,98.9,10.8,160,2316,5.8,160,1510,2,1738,19.2,69,1155,85,22.2,998.9,1007.2,902,992.8,2356,1003.2,14.5,0,1100,1.75,6.63,,,,,,8.5,6.5,22.4,19.1,,,,,,,,,,1.6,2.3,,.15
155,2020-06-30,22.8,20.1,557,28.2,1447,8.82,.9,3,1.9,1,3.3,16.1,180,25,8.9,180,153,2.9,2546,17.2,50,1617,72.3,19.7,988.5,998.1,2303,989,439,992.8,14.5,7.7,1400,3.36,22.06,,,,,,7,6.1,24.5,19.8,,,,,,,,,,4.8,6.8,,
155,2020-07-01,22,18.8,2353,27,1155,.85,.1,,.1,,.1,7.7,50,959,4.5,50,1003,1.5,1266,16.3,48,1157,71.3,18.5,999.8,1008.6,2230,998,1,1004.2,14.5,6,1100,3.52,20.64,,,,,,6.5,5.1,24.4,18.3,,,,,,,,,,3.7,5.3,,
155,2020-07-02,21.8,18.3,328,26.6,1118,,,,,,,5.2,140,1211,3.5,140,1204,1.2,1071,16.4,58,1605,72.3,18.7,1007.1,1013.7,2159,1008.6,1,1011.4,14.5,5.5,900,2.03,16.59,,,,,,7.4,.9,23.1,17.6,,,,,,,,,,2.7,3.9,,
155,2020-07-03,20.7,18.4,2206,22.8,1516,6.25,1,2150,3.9,2115,5.7,6.6,50,1941,3.8,50,1919,1.3,1145,16,61,832,74.8,18.2,1006.2,1013.4,1,1007.8,1912,1010.6,14.5,0,1300,1.44,7.24,,,,,,9.9,7.6,21.8,18.2,,,,,,,,,,1.8,2.5,,
155,2020-07-04,20.4,17.9,126,24.7,1108,1.1,.4,1938,.9,1859,.9,5.7,140,1347,3.5,140,1354,1.3,1142,16.9,64,1105,81.1,19.2,1002.9,1008.8,1,1006.3,1532,1007.2,14.5,2.2,1000,3.12,13.67,,,,,,9.1,7.9,22.9,17.6,,,,,,,,,,2.5,3.6,,
155,2020-07-05,22,18.3,1,26.9,1430,,,,,,,5.6,160,1456,3.8,160,1504,1.3,1083,17.9,62,1348,78.4,20.5,1000.6,1007.5,36,1003,1903,1004.9,14.5,5,1300,2.76,18.81,,,,,,8.8,5.4,25,18.9,,,,,,,,,,2.9,4.2,,
155,2020-07-06,22.1,20,256,25,1345,2.33,.3,2339,.3,2335,.3,4.5,160,1727,2.8,160,1733,.9,811,20,79,1346,88.1,23.4,997.6,1003.3,10,1000.6,1013,1001.9,14.4,0,1300,.91,4.16,,,,,,9.8,8.4,22.9,19.8,,,,,,,,,,1.1,1.6,,.08
155,2020-07-07,24,21.3,502,29,1048,.28,0,,0,,0,7.8,200,1524,4.6,160,1223,1.6,1356,20.6,63,1101,82.5,24.3,999.6,1005.1,837,1002.5,20,1003.9,14.4,8.1,1100,3.27,22.8,,,,,,7.5,6.3,26.8,20,,,,,,,,,,4.2,5.9,,.6
155,2020-07-08,24.8,20.8,442,30.8,1200,,,,,,,7.5,70,841,4.3,160,1527,1.5,1337,19.1,47,1201,72.8,22.1,1000.4,1006.1,2226,1003.7,1500,1004.7,14.4,10.1,1100,3.2,23.6,,,,,,6.5,2,27.1,19.7,,,,,,,,,,4.1,5.9,,
155,2020-07-09,22.9,20.3,313,27.4,1232,4.72,1.4,2052,4.2,2227,9.5,5.2,140,1445,3.1,160,1356,.9,793,20.1,63,1203,85.1,23.6,1000.7,1006.2,1031,1004.2,1516,1005,14.4,.7,1200,2.53,8.89,,,,,,9.3,7.6,24.4,19.4,,,,,,,,,,1.6,2.2,,
155,2020-07-10,22.9,21.5,334,26.2,1703,14.43,5.5,657,20.4,947,80.5,4.6,200,1948,2.9,180,1953,.9,778,21.5,82,1616,92.3,25.7,997.2,1004.5,1,999.3,1228,1001.5,14.4,.4,1600,1.12,5.88,,,,,,9.4,8.4,24.1,21.9,,,,,,,,,,1.2,1.7,,.33
155,2020-07-11,23.4,20.9,2303,29.5,1215,,,,,,,8.5,160,1310,5.8,160,1323,1.5,1291,20.5,65,1208,84.4,24.2,1002.6,1011.1,2351,1002.9,8,1006.9,14.4,2.7,1100,2.58,14.21,,,,,,9.5,6.5,25.5,21.7,,,,,,,,,,2.5,3.6,,
155,2020-07-12,20.3,18.9,2348,21.8,921,14.5,3.8,2341,9.3,2021,38,4.2,340,2352,2.2,160,1512,.7,592,18.5,82,936,90.1,21.3,1006.4,1012.8,1136,1008.9,2307,1010.8,14.4,0,1200,.58,3.65,,,,,,9.8,6.8,22.5,18.9,,,,,,,,,,.8,1.1,,
155,2020-07-13,19.2,18.4,232,19.9,1337,24,3.4,927,14.7,911,96.7,4.9,50,1131,2.9,360,900,.7,640,18.3,92,1309,94.6,21,998.8,1009.3,8,1001.6,1130,1003.1,14.3,0,1300,.54,2.19,,,,,,10,8.3,20.5,18.8,,,,,,,,,,.6,.9,,.37
155,2020-07-14,19.3,18.4,2109,20.5,1351,20.57,1.3,1839,3.3,1814,10,5,160,557,3.2,160,559,1.5,1280,18.2,88,1352,94.1,20.9,998.6,1005.4,2250,1000.8,305,1003,14.3,0,1300,1.14,5.3,,,,,,10,8.1,21.2,19.3,,,,,,,,,,1,1.4,,
155,2020-07-15,18.9,18.1,2355,19.9,1536,8.95,.3,731,1.2,859,4.3,3,140,1559,2,160,1709,.5,426,17.6,88,1603,92.5,20.1,1001.7,1007.6,2203,1004.4,235,1006,14.3,0,1100,.67,4.73,,,,,,10,7.4,21.3,18.9,,,,,,,,,,1.1,1.6,,
155,2020-07-16,21,17.9,145,25.5,1129,,,,,,,8.1,140,1656,5.1,160,1657,1.6,1351,17.2,58,1131,79.9,19.6,1003,1009.1,2343,1006.1,1746,1007.3,14.3,10.4,1200,3.44,26.73,,,,,,3.4,2.6,25.3,17.4,,,,,,,,,,4.4,6.2,,
155,2020-07-17,22,18.1,226,26.6,1132,,,,,,,6.9,160,1345,4.7,160,1526,1.4,1223,17.2,50,1056,75.5,19.6,1004.8,1010.6,2154,1008.1,1252,1009.2,14.3,12.2,1200,3.5,28.74,,,,,,2.9,2.3,25.7,16.7,,,,,,,,,,5,7.1,,
155,2020-07-18,21.8,18,430,25.4,1403,.08,0,,0,,0,5,90,1620,3.3,140,1620,1.1,969,17.7,62,1157,78.3,20.2,1005.7,1011.3,2313,1009.1,1455,1010.1,14.2,1.8,1300,1.91,14.86,,,,,,7.9,3.6,24.2,16.8,,,,,,,,,,2.4,3.4,,
155,2020-07-19,23.7,20.8,335,26.8,2113,11.53,2.9,1229,4.4,1229,8.6,13.5,180,2050,6.9,180,2303,2.1,1785,21.7,81,824,88.6,26.1,1004.1,1010.6,1,1007.2,1652,1008.4,14.2,0,1200,.45,3.26,,,,,,10,7.3,23.9,21,,,,,,,,,,1.1,1.6,,
155,2020-07-20,25.8,23.2,2356,29.7,1517,8.68,.2,,.4,217,1,14.3,230,102,7.1,180,12,2.7,2314,22.9,73,1520,84.5,28,1003.6,1010.3,2320,1006.5,153,1007.8,14.2,3.2,1500,2.64,11.1,,,,,,8.5,7.4,27.8,23,,,,,,,,,,2.6,3.8,,
155,2020-07-21,25.3,22.5,602,29.1,1550,2.62,2.6,302,4.5,240,4.9,6.9,50,824,3.6,50,827,1,843,21.7,63,1223,81.3,26,1007.2,1012.6,2245,1009.7,108,1011.5,14.2,4,1100,2.9,16.01,,,,,,8.5,6.9,27.5,22.8,,,,,,,,,,2.4,3.4,,
155,2020-07-22,22.6,21.5,407,25.2,1206,17.75,6,348,14.7,812,52.4,4.4,160,1652,2.8,160,1547,1,826,21.4,83,1151,93.3,25.5,1005.8,1012.3,29,1008.9,1701,1010.1,14.2,0,1000,1.29,5.33,,,,,,10,8.5,24.2,22,,,,,,,,,,1.1,1.5,,
155,2020-07-23,22.3,21.5,1543,24.7,2232,19.28,9.1,2153,18,1936,77,9.1,140,2135,4.6,160,2141,1.7,1428,21.2,86,1923,93.5,25.1,1002.2,1011.3,625,999.4,2304,1006.5,14.1,0,900,.48,2.88,,,,,,9.6,8.5,23.4,22.1,,,,,,,,,,1,1.4,,3.08
155,2020-07-24,21.1,20.1,2104,23.7,2,11.4,1.7,1010,2.6,926,7.7,10.9,200,1353,5.7,180,359,2.9,2475,18.9,78,1150,87.6,21.8,993.9,999.6,38,997.6,1550,998.2,14.1,.2,1100,1.03,4.83,,,,,,9.5,8.4,22.1,20.4,,,,,,,,,,1.2,1.7,,
155,2020-07-25,21.7,19.9,250,24.2,1345,3.55,.3,2,1.1,2,1.4,5.5,180,1715,3.2,180,1747,1.2,996,19.7,80,1701,88.6,22.9,998.2,1006.7,2311,998.2,1,1002.5,14.1,.5,1000,1.35,7.43,,,,,,9.5,7.5,23.4,20.4,,,,,,,,,,1.8,2.5,,.18
155,2020-07-26,23.8,20.3,542,27.9,1411,,,,,,,6.9,140,1205,4.3,160,1559,2,1761,19.7,59,1237,79,23,1003.5,1009.2,2246,1006.4,236,1007.8,14.1,10.8,1200,3.48,27.52,,,,,,5.9,3.6,27.4,19.9,,,,,,,,,,4.5,6.4,,
155,2020-07-27,23.1,22,1802,25.6,1312,12.38,4.6,1755,8.8,1728,34.3,4.1,200,1546,2.7,180,1546,.8,681,21.4,81,1127,90.9,25.5,1004.3,1009.7,1016,1007.9,347,1008.6,14,0,1100,1.01,4.63,,,,,,9.9,7.9,24.4,22.3,,,,,,,,,,1,1.5,,
155,2020-07-28,23.1,22.2,1411,24.8,835,10.45,9.9,527,20.2,459,37.1,5.3,140,943,3.5,160,947,1.3,1102,21.9,88,1303,93.6,26.3,1006.5,1012.9,2236,1008.1,229,1010.8,14,0,1100,.48,3.06,,,,,,10,8.1,24.4,22.5,,,,,,,,,,.8,1.1,,.13
155,2020-07-29,23.3,22.1,527,26.5,1007,7.15,4.4,1152,16.4,1115,24.4,5,160,1255,3,160,1248,.8,690,22.4,86,1011,94.9,27,1009,1014.3,2156,1012.1,248,1013.3,14,0,900,1.34,5.15,,,,,,10,8.5,25,22.8,,,,,,,,,,1,1.5,,1.55
155,2020-07-30,23.1,21.7,1311,28.8,1135,9.9,5.9,1307,16.6,1241,29.3,9.7,20,1144,3.3,320,1152,1,861,21.6,69,1153,91.9,25.9,1010.4,1017.2,1210,1013.7,1804,1014.7,14,1.8,900,2.16,7.69,,,,,,8.8,5.5,25.4,21.6,,,,,,,,,,1.5,2.1,,.53
155,2020-07-31,26,21.5,144,31.1,1511,,,,,,,4.5,200,1634,2.8,110,1314,.8,692,23.2,68,1235,85.5,28.5,1009.6,1015.7,750,1012.2,1705,1013.8,13.9,6,1100,2.68,17.44,,,,,,8.6,2.4,27.7,21.4,,,,,,,,,,3.1,4.4,,
155,2020-08-01,27.2,24,505,31.8,1356,,,,,,,7.5,180,1443,4.5,180,1144,1.3,1164,23.5,60,1358,81.3,29,1007.7,1013.2,26,1010.5,1906,1011.9,13.9,6.8,1300,3.1,20.3,,,,,,8.3,3.6,30,23.8,,,,,,,,,,3.9,5.6,,
155,2020-08-02,27.7,25.2,444,31.8,1325,,,,,,,8.8,160,1301,4.9,180,1304,1.8,1574,23.7,62,1259,79.6,29.4,1006.2,1011.7,753,1009.2,1801,1010.5,13.9,5,1300,2.72,17.8,,,,,,8.1,5.6,29,24.5,,,,,,,,,,3.6,5.1,,
155,2020-08-03,27.9,25.9,2218,31.4,1156,,,,,,,7.3,180,1022,4.1,160,1027,1.8,1564,23.5,66,1202,77.4,28.9,1006.4,1011.8,2355,1010.1,213,1010.7,13.9,2.4,1100,2.76,14.59,,,,,,8.6,5.3,28.8,25.1,,,,,,,,,,3.1,4.4,,
155,2020-08-04,27.7,24.9,501,31.2,1328,,,,,,,7.7,160,1741,4.5,180,1256,2,1732,24,68,1103,80.8,29.8,1008.8,1015,2358,1011.5,159,1013.1,13.8,6.3,1300,2.88,19.16,,,,,,6.3,3.6,29.7,24.1,,,,,,,,,,3.6,5.1,,
155,2020-08-05,27.8,25.6,428,30.6,1124,1,.4,1208,.8,1157,.8,11.4,160,1159,5.5,180,1359,2.7,2308,24.2,69,1126,81.4,30.2,1009.3,1015,1,1012.1,2355,1013.6,13.8,3.2,1300,2.33,13.29,,,,,,9,7.6,28.7,25.6,,,,,,,,,,3,4.2,,
155,2020-08-06,27.1,25.9,2215,29.4,1024,8.97,1.5,110,3.5,258,7.9,13.7,180,203,7.3,180,208,2.7,2364,23.8,71,1022,82.6,29.5,1004.5,1012.1,1,1007.3,1550,1008.8,13.8,.1,1000,1.18,6.73,,,,,,9.8,7.6,27.5,25.4,,,,,,,,,,1.6,2.3,,
155,2020-08-07,25.7,23.7,1949,28.1,1234,10.58,4.7,1738,9.6,1728,22.4,6.8,180,1610,3.6,200,742,1.4,1174,23.7,78,1228,89.4,29.3,1002.9,1008.9,6,1005.2,2328,1007.2,13.7,0,1000,1.01,5.03,,,,,,9.5,6.5,26.6,24.1,,,,,,,,,,1,1.5,,
155,2020-08-08,25.8,24.4,1,26.7,2353,14.9,4.1,237,12.6,207,46.4,8.7,180,2344,4.8,180,2352,1.6,1343,24.1,85,2352,90.4,30,1000.5,1006.6,2208,1003.7,404,1004.8,13.7,0,1000,.43,2.55,,,,,,10,8.3,25.8,24.8,,,,,,,,,,1.3,1.9,,
155,2020-08-09,27.3,25,2352,30.9,1330,8.17,5,1529,5.1,1526,9.4,11,180,1522,6.2,180,1243,3.2,2775,23.6,67,1308,81,29.2,1002.1,1007.3,2325,1005.5,424,1006.3,13.7,7,1200,2.76,17.69,,,,,,8.5,7.1,29,24.5,,,,,,,,,,3.3,4.7,,
155,2020-08-10,25.9,24.7,50,28.1,1021,11.63,5,1555,12.6,1535,26.1,10.1,110,1434,5.3,110,1439,2,1711,24,81,1022,89.6,29.8,1000.8,1007.8,2358,998.3,1549,1005.1,13.6,.2,1000,.88,4.61,,,,,,9.4,7.1,26.7,24.7,,,,,,,,,,1.3,1.8,,.08
155,2020-08-11,26.8,24.9,1853,31.4,1137,5.72,2.4,25,2.4,1,5.5,8.8,290,130,5.4,180,1315,2,1700,24.1,71,1140,85.9,30,1006.7,1013.3,2231,1007.7,1,1010.9,13.6,4.4,1100,3.04,12.28,,,,,,7.6,6.8,27.8,24.5,,,,,,,,,,2.3,3.3,,
155,2020-08-12,27,25,2337,29.9,1540,2.97,5,1018,12.2,949,16.1,5.4,140,1445,2.7,160,951,1.2,1047,24.9,79,1638,88.5,31.5,1009,1014.7,1030,1012.1,1734,1013.2,13.6,1.9,1400,1.9,8.82,,,,,,7.6,5.8,29.3,24.9,,,,,,,,,,1.7,2.4,,
155,2020-08-13,27.9,24.5,533,32.5,1244,,,,,,,8.5,140,1213,3.7,140,1300,1.5,1332,24.5,66,1233,82.6,30.8,1006.7,1013.5,22,1008.7,1812,1011,13.6,8.5,1200,3.7,20.06,,,,,,6,5.4,30.1,24.2,,,,,,,,,,3.9,5.5,,
155,2020-08-14,28.7,26.3,1,32.4,1355,,,,,,,8.5,160,1550,5.8,180,1528,2.2,1884,24.4,66,1209,78.4,30.6,1003.7,1009.3,53,1006.2,1604,1007.9,13.5,10.5,1200,3.25,23.43,,,,,,6.3,4.1,31,25.2,,,,,,,,,,4.7,6.7,,
155,2020-08-15,28.8,25.5,425,33.7,1430,,,,,,,8,200,1621,4.9,90,1121,2.3,1995,24.5,63,1424,78.6,30.8,1005.3,1011.5,2310,1008.1,233,1009.5,13.5,12,1200,3.36,25.07,,,,,,3,1.1,31.1,24.9,,,,,,,,,,4.8,6.9,,
155,2020-08-16,28.4,23.6,543,33.8,1326,,,,,,,7.2,180,1427,4.4,90,1223,1.7,1450,24.2,59,1310,78.9,30.1,1007,1012.4,2245,1009.7,1642,1011.3,13.5,12.2,1200,3.31,25.68,,,,,,3,.4,31.2,22.8,,,,,,,,,,4.9,7,,
155,2020-08-17,29.1,24.8,521,35,1531,,,,,,,5.9,20,952,3.5,50,1000,1.1,914,24,49,1315,76.1,29.9,1008.7,1014.1,943,1011.7,1720,1012.9,13.4,11.7,1200,3.29,25.22,,,,,,1.9,.6,31.5,23.7,,,,,,,,,,4.9,7,,
155,2020-08-18,29.5,25.4,54,35.6,1424,,,,,,,9.6,50,1005,4.6,70,1009,1.1,953,24,43,1527,74.3,29.8,1007.7,1013.9,717,1010,1747,1011.9,13.4,11.8,1200,3.27,25.25,,,,,,.5,.1,32.1,24.3,,,,,,,,,,5,7.1,,
155,2020-08-19,29.3,25,458,35.7,1344,,,,,,,8.3,20,1008,4.1,50,1017,1.1,973,24.2,44,1252,75.8,30.2,1005.9,1011.7,659,1008,1745,1010.2,13.4,12,1200,3.27,25.19,,,,,,.3,0,31.8,23.6,,,,,,,,,,5.2,7.4,,
155,2020-08-20,28.9,24.9,531,35.8,1330,,,,,,,6.8,160,1503,4.5,160,1508,1.5,1273,23.4,45,1229,73.5,28.8,1007.2,1013.4,2320,1010.1,1506,1011.5,13.3,12.1,1200,3.25,24.99,,,,,,.1,0,31.3,23.5,,,,,,,,,,5,7.1,,
155,2020-08-21,26.6,22.9,449,32.7,1332,,,,,,,7.5,140,1450,5.2,160,1514,1.3,1155,22.3,56,1327,78.6,27,1009.8,1015.1,904,1012.9,1616,1014.1,13.3,11.7,1200,3.25,24.22,,,,,,1.6,1.6,30.3,22.3,,,,,,,,,,4.6,6.5,,
155,2020-08-22,26.5,23.5,557,31.6,1413,,,,,,,5.2,180,1610,3.2,160,1614,1.1,920,21.5,56,1403,75.1,25.7,1008.2,1014.7,1,1010.6,1640,1012.4,13.3,6.8,1400,2.34,17.08,,,,,,7.6,4.5,29.9,22.5,,,,,,,,,,3.3,4.7,,
155,2020-08-23,26.7,23.4,355,31.5,1148,.05,0,,0,,0,5.7,140,1654,4.3,160,1535,1.2,1037,22.1,61,1142,76.6,26.6,1004,1011,12,1006.4,1602,1008.3,13.2,8.3,1100,2.89,19.02,,,,,,4.5,3.3,30.2,23.3,,,,,,,,,,3.6,5.1,,
155,2020-08-24,27.2,23.2,459,32.7,1529,,,,,,,6.6,140,1717,3.9,110,1020,1.5,1262,22.9,60,1521,78.4,27.9,1001.8,1007.9,26,1004.2,1507,1006.1,13.2,11.5,1100,3.05,23.75,,,,,,1.5,1.1,30.5,22.5,,,,,,,,,,4.5,6.4,,
155,2020-08-25,29,24.1,501,34.2,1149,,,,,,,6.7,140,1701,4.1,140,1703,1.1,941,23.6,52,1209,73.8,29.1,1001.2,1006.4,2229,1004.5,328,1005.4,13.2,11,1100,3.02,22.28,,,,,,2.5,1.3,32.5,23.1,,,,,,,,,,4.2,6,,
155,2020-08-26,28.4,26.1,611,32.2,1115,4.5,.5,1724,.5,1711,1,15,180,2338,7.8,180,2343,2.7,2355,24,65,1125,77.8,29.9,999.4,1005.8,1,1001.6,1703,1003.6,13.1,2.2,1100,2.24,10.51,,,,,,7.9,5.9,29.5,25.3,,,,,,,,,,2.8,4.1,,
155,2020-08-27,26.1,23.9,737,28.7,1420,5.23,7.3,556,9.4,553,16.7,13.8,180,1,7,180,320,2.6,2228,23.9,76,1,87.8,29.6,1001,1007.8,2233,1001.3,217,1005.2,13.1,.1,1400,.92,4.16,,,,,,9.6,8.4,26.8,24.1,,,,,,,,,,1.1,1.5,,
155,2020-08-28,26.7,24.5,514,30.3,1506,5.63,6,338,17,322,22,6.7,200,1842,3.3,180,1831,1.2,1067,24,72,1507,86.3,29.9,1004,1010.2,2340,1006.7,1618,1008.3,13.1,4.3,1100,2.44,14,,,,,,8.5,4.5,29.2,25,,,,,,,,,,2.9,4.2,,
155,2020-08-29,27.6,23.5,555,32.2,1427,2.65,.4,304,.5,258,1,6.7,160,1405,3.6,140,1410,1.4,1207,24,64,1514,82,29.9,1005.8,1011.3,2225,1008.9,1505,1010,13,9.2,1300,3.24,21.06,,,,,,6.3,3.3,30.3,24,,,,,,,,,,4,5.7,,
155,2020-08-30,27.4,24.3,2218,34,1203,1.72,9.5,1703,17.8,1638,17.8,7.4,20,1702,4.2,20,1707,1,832,24,56,1143,83.4,29.8,1006.6,1012.5,2203,1009.1,1511,1010.9,13,8.1,1100,3.02,19.44,,,,,,6.4,5.4,29.9,24.4,,,,,,,,,,3.8,5.5,,
155,2020-08-31,26.4,24.4,2214,29.4,1407,,,,,,,7.3,20,1515,3.7,50,1631,1.8,1578,21.3,65,1327,73.8,25.4,1007.9,1013,948,1010.8,1718,1012.2,13,2.9,1300,1.9,9.79,,,,,,7.1,7.1,27,23.5,,,,,,,,,,2.3,3.3,,
155,2020-09-01,26.4,23.1,409,30.2,1334,.98,0,,0,,0,6.1,50,114,3.9,50,113,1.6,1393,21.2,63,1331,73.4,25.3,1004.7,1012.6,9,1007,1609,1008.9,12.9,2.7,1300,2.77,13.25,,,,,,8.4,7.4,26.6,22.3,,,,,,,,,,2.6,3.8,,
155,2020-09-02,26.4,23.8,634,28.8,1507,11.03,3.6,618,7.4,604,32,27.7,90,2305,16,90,2324,3.4,2919,22.6,67,1507,80,27.4,993.1,1007.6,1,977.7,2355,997.3,12.9,0,1100,.84,3.07,,,,,,10,7.8,25.2,23.9,,,,,,,,,,2.1,3.1,,
155,2020-09-03,26,21.4,2358,30.7,1420,4.5,7.3,141,23.5,105,52,23.5,90,49,14,90,105,3,2561,19.2,42,1355,68,22.4,993.1,1011,2327,961.1,221,997.3,12.8,9.4,1300,2.9,20.53,,,,,,4.6,3.9,27,19.8,,,,,,,,,,4.1,5.8,,
155,2020-09-04,23.6,18.1,532,28.9,1334,,,,,,,6,90,1232,4.1,110,1235,1.3,1086,18.2,53,1330,72.6,20.9,1009.1,1014.5,2320,1010.9,2,1013.4,12.8,11.4,1300,3.07,22.54,,,,,,1.3,.5,25.1,16.9,,,,,,,,,,4,5.7,,
155,2020-09-05,19.8,18.1,2232,22.4,1,15.3,1.7,1702,4.7,1644,19.6,5.6,180,1023,3.2,160,1032,.8,696,17.4,71,1040,86.6,19.9,1009.5,1015.9,1046,1012.9,1818,1013.9,12.8,0,1200,.35,2.61,,,,,,9.8,5.5,21.5,17.8,,,,,,,,,,.8,1.2,,
155,2020-09-06,21,18.1,56,22.8,1407,7.17,1.3,2053,3.4,2015,6.8,11.9,340,2147,5.8,50,2215,2,1717,17.8,77,1417,82.3,20.4,1000.2,1013.2,11,993.6,2359,1004.5,12.7,0,900,.84,3.67,,,,,,9.6,6.8,21.2,18,,,,,,,,,,1.2,1.8,,
155,2020-09-07,22.3,19.9,1256,23.7,1059,11.72,6,634,26.5,546,118.6,14.4,50,234,7.9,50,434,3.2,2740,18.1,65,2032,78,20.8,985.7,1005.9,2347,966.9,817,989.9,12.7,.2,1400,1.07,5.93,,,,,,7.5,6.3,21.7,20.1,,,,,,,,,,1.7,2.5,,
155,2020-09-08,24.4,21,410,29.2,1329,,,,,,,7.7,200,1242,3.9,180,1126,1.5,1297,19.8,57,1330,76.3,23.1,1007.3,1014,2107,1005.8,3,1011.6,12.7,8.3,1100,2.76,17.69,,,,,,5.9,4.4,24.4,19.1,,,,,,,,,,3.2,4.6,,
155,2020-09-09,24,21.5,609,28.8,1354,.42,0,,0,,0,6.3,180,1612,3.5,50,919,1.1,970,18.8,53,1229,74.8,21.8,1006.5,1013.7,20,1008.4,1535,1010.8,12.6,5.7,1300,2.82,16.68,,,,,,5.9,3.6,25.2,20.1,,,,,,,,,,3.1,4.4,,
155,2020-09-10,23.7,20.1,630,28.2,1505,2.25,1.7,207,2,128,2.9,5.1,140,1424,3.4,90,1316,.9,817,19.7,60,1446,79.5,23,1004.9,1011.3,2338,1008.1,437,1009.2,12.6,7.5,1400,2.63,17.84,,,,,,7.6,2,27.1,19.7,,,,,,,,,,3,4.2,,
155,2020-09-11,22.9,20.5,2359,26.8,1415,5.05,.4,2348,1,2147,2,6.9,90,1605,4.2,140,1606,1.4,1180,18.6,61,1511,77.4,21.4,1008.8,1014.5,2217,1010.7,644,1013.1,12.5,.9,1200,1.93,8.21,,,,,,9.4,4.1,24,19.8,,,,,,,,,,2,2.9,,
155,2020-09-12,21.8,19.3,524,26,1347,3.07,.4,1,1.1,1,1.9,6.7,50,1251,3.3,50,1256,1.3,1090,16.9,63,1348,74.3,19.3,1008.7,1015.4,2259,1011.4,415,1013,12.5,4.9,1100,3.06,16.59,,,,,,8.6,7,23.8,18.6,,,,,,,,,,2.8,3.9,,
155,2020-09-13,20.4,18.6,505,24.3,1124,.5,0,,0,,0,5,180,1626,2.8,160,1705,1.1,917,16.3,62,1125,77.8,18.5,1011,1016.4,949,1014.6,1626,1015.4,12.5,.8,1000,1.71,7.3,,,,,,9,7.6,21.5,17.4,,,,,,,,,,1.6,2.3,,
155,2020-09-14,22.1,17.9,500,27.6,1341,,,,,,,4.8,180,1448,3.6,140,1631,.9,804,17.7,52,1246,77.3,20.3,1009.8,1015.7,1,1012,1602,1014.1,12.4,7.7,1100,2.98,18.82,,,,,,5.5,2.4,25.4,17.1,,,,,,,,,,3.2,4.6,,
155,2020-09-15,22.8,19.7,659,28.2,1338,,,,,,,6.5,140,1508,4.1,180,1657,1.5,1310,18.1,53,1108,75.9,20.8,1008.8,1014.5,728,1012.1,1748,1013.1,12.4,9.2,1200,2.88,19.69,,,,,,6.6,1.9,25.4,18.8,,,,,,,,,,3.4,4.8,,
155,2020-09-16,21.5,20.5,1134,22.9,1549,4.28,.3,1116,.4,1044,.4,3.7,200,1829,2.3,50,1003,.7,583,19,75,943,86,22,1005.9,1012.7,3,1008.2,1813,1010.2,12.4,0,1200,.95,4.67,,,,,,9.8,7.6,23.3,20,,,,,,,,,,.9,1.3,,
155,2020-09-17,20.5,17.2,2344,23.3,1220,15.55,.3,1002,.8,959,4.7,3.3,230,1310,1.4,230,1319,.4,334,18.7,81,1240,90,21.6,1006.2,1012,1014,1008.8,137,1010.5,12.3,0,1100,.94,4.33,,,,,,9.3,5.8,22.8,17.8,,,,,,,,,,.9,1.2,,
155,2020-09-18,19.2,16.3,2341,23.6,1509,8.98,.2,,.3,509,.8,4,200,1714,2,230,1536,.7,626,15.5,57,1512,80.6,17.6,1009.5,1016.3,2347,1011.1,6,1013.9,12.3,1.7,1300,1.72,10.14,,,,,,8,4.1,22.7,13.6,,,,,,,,,,1.9,2.7,,
155,2020-09-19,20.1,13.9,556,26.8,1441,,,,,,,4.3,90,1252,3,110,1255,.8,683,13.3,34,1322,67.4,15.3,1011.8,1018,748,1014.6,1621,1016.2,12.3,9,1100,2.68,17.98,,,,,,3.1,0,22.3,10.6,,,,,,,,,,3.1,4.4,,
155,2020-09-20,19.9,14.1,617,26.5,1519,,,,,,,8.7,50,1251,4.8,70,1252,1,841,10.4,29,1045,57.5,12.7,1012.1,1018.1,2327,1014.8,1526,1016.5,12.2,10.9,1200,2.95,21.17,,,,,,0,0,21.7,10.4,,,,,,,,,,4.1,5.8,,
155,2020-09-21,19.1,13.4,626,24,1323,,,,,,,6.3,50,1637,3.8,50,1704,1.2,1013,10.1,37,1142,58.3,12.4,1013.4,1019.1,1019,1015.6,1658,1017.8,12.2,10,1100,2.82,18.7,,,,,,4.8,.9,21.2,10.5,,,,,,,,,,3.3,4.7,,
155,2020-09-22,18.5,15.6,558,22.2,1528,,,,,,,8.4,20,1452,4.5,50,1454,1.5,1328,11.9,48,1647,66,13.9,1013,1018.9,917,1015.8,1529,1017.4,12.2,5.8,1400,2.17,12.74,,,,,,5.6,1.8,20.8,14.1,,,,,,,,,,2.5,3.5,,
155,2020-09-23,19.5,15.3,631,22.7,1338,,,,,,,7.2,70,1639,3.8,50,1643,1.5,1270,12.8,56,1345,66,14.8,1011.7,1017.1,736,1014.5,1450,1016.1,12.1,1.5,900,1.6,9.4,,,,,,8.1,5.1,19.8,14,,,,,,,,,,2.1,3,,
155,2020-09-24,21,18,429,24.9,1506,.78,0,,0,,0,7.5,50,1314,3.9,50,1639,1.6,1354,13.6,53,1503,63.1,15.6,1008.8,1016,1,1011.2,1606,1013.1,12.1,3.9,1400,2.04,13.33,,,,,,8.4,5.8,22.5,16.8,,,,,,,,,,2.8,4,,
155,2020-09-25,21.1,17.2,510,24.9,1522,,,,,,,8.9,20,1158,5.2,50,1206,1.6,1374,13.3,49,1736,61.6,15.3,1006.4,1013.1,2316,1009.2,1452,1010.7,12,6.9,1000,2.05,12.4,,,,,,5.1,2.4,21.2,15.3,,,,,,,,,,2.6,3.7,,
155,2020-09-26,20,16.1,548,25.6,1429,,,,,,,6.2,360,44,3.2,20,1617,1,887,12.3,47,1519,62,14.4,1010.1,1016.7,2254,1012.7,1,1014.5,12,5.9,1200,2.84,15.83,,,,,,4.8,2.1,21,13.2,,,,,,,,,,3,4.3,,
155,2020-09-27,19.7,16,2359,24.4,1316,.08,0,,0,,0,7.4,50,1509,4,50,1514,1.5,1329,11.6,41,1653,61.4,13.8,1013.4,1019.1,2338,1016,1528,1017.8,12,9.3,1300,2.61,17.16,,,,,,3.3,3.3,22.2,12.8,,,,,,,,,,3.2,4.6,,
155,2020-09-28,18.5,13.7,628,24.4,1507,,,,,,,6.2,50,1032,3.2,50,1036,1.1,944,11.9,43,1510,67,14,1012.2,1019.1,1,1014.2,1624,1016.6,11.9,10,1200,2.77,18.53,,,,,,2.4,1.1,20.8,11.1,,,,,,,,,,3.2,4.5,,
155,2020-09-29,18.6,12.9,514,24.8,1459,,,,,,,5.5,70,1312,3.1,50,1213,1.1,932,12.2,43,1522,68.4,14.2,1006.7,1015,1,1008,1558,1011.1,11.9,9.7,1200,2.63,17.77,,,,,,4.4,.6,21.2,10,,,,,,,,,,3,4.3,,
155,2020-09-30,19.8,15.2,421,25.6,1520,,,,,,,5.6,160,1629,3.5,140,1554,1.3,1093,12.9,41,1405,65.9,14.9,1005.8,1012.3,2352,1008.4,1524,1010.1,11.9,9,1200,2.89,18.54,,,,,,5.5,3.1,22.2,13.1,,,,,,,,,,3.2,4.6,,
155,2020-10-01,19.2,14.2,622,24.7,1308,,,,,,,6.1,160,1613,4.1,160,1605,1.5,1273,13.3,47,1202,70.1,15.4,1009.8,1015.4,2156,1012.1,56,1014.2,11.8,10.3,1200,2.79,18.27,,,,,,2.9,2.8,21.6,12.1,,,,,,,,,,3.1,4.5,,
155,2020-10-02,20,15.3,552,26.3,1426,,,,,,,6.1,110,1338,3.9,110,1109,1.2,1077,15.3,49,1427,75.6,17.4,1011,1017,845,1013.6,1440,1015.4,11.8,10.4,1200,2.78,18.49,,,,,,4.4,2.3,22.6,11.6,,,,,,,,,,3.3,4.7,,
155,2020-10-03,21.4,18.5,245,26.1,1506,.33,0,,0,,0,4.7,180,1832,2.7,50,1034,1,869,15.9,50,1514,72.3,18.1,1010.3,1017,1008,1012.7,1455,1014.7,11.8,4.3,1300,2.38,13.55,,,,,,8.4,5.8,23.8,17.8,,,,,,,,,,2.6,3.7,,
155,2020-10-04,20.7,17.9,2254,25.8,1335,3.98,0,,0,,0,5.8,270,1716,2.6,110,1054,.8,691,14.4,47,1337,69,16.6,1006.9,1014.2,48,1008.3,1503,1011.2,11.7,1.6,1000,1.87,9.14,,,,,,9.3,5.4,22.5,16.6,,,,,,,,,,2.5,3.5,,
155,2020-10-05,16.2,11.5,651,20.9,1427,,,,,,,9,340,1248,3.5,270,103,1.9,1634,2.4,30,1328,40.1,7.3,1011.7,1019,2356,1011.5,35,1016.1,11.7,10.3,1200,2.81,19.36,,,,,,2.9,0,18.3,10.4,,,,,,,,,,3.9,5.6,,
155,2020-10-06,16.6,11.5,555,22,1450,,,,,,,6.3,50,911,4.5,50,919,1.6,1350,6.8,27,1340,54.1,10,1016.3,1023.4,2340,1018.5,9,1020.7,11.7,10.1,1200,2.77,18.85,,,,,,2.9,0,19,8,,,,,,,,,,3.5,5,,
155,2020-10-07,18.2,13.8,531,22.5,1409,,,,,,,7.1,50,1316,4.4,70,1530,2,1738,8.6,31,1510,54.6,11.2,1019.3,1025.3,901,1021.8,1511,1023.8,11.6,8.7,1200,2.65,17.83,,,,,,6.3,3.1,20.3,12.6,,,,,,,,,,3.8,5.4,,
155,2020-10-08,18,15.2,2400,21.7,1325,,,,,,,12.2,20,1900,6.4,50,1211,3.2,2729,7.3,37,1352,50.4,10.2,1019.5,1025.5,943,1022.4,1449,1024,11.6,9,1300,2.57,16.23,,,,,,2,2,18.4,12.5,,,,,,,,,,4.4,6.3,,
155,2020-10-09,18.8,14.5,215,22.3,1329,,,,,,,11.3,70,1135,6.3,50,1236,2.7,2337,8,40,1319,50.1,10.8,1016.5,1023.9,107,1018.9,1608,1020.9,11.5,9.8,1100,2.44,16.69,,,,,,5.6,5.6,18.8,9.8,,,,,,,,,,3.7,5.2,,
155,2020-10-10,18.4,16,2329,22,1337,,,,,,,5,20,1328,3.3,50,1344,1.4,1175,10,52,1219,58.5,12.3,1013.7,1019.4,910,1016.3,1606,1018.1,11.5,2.3,1200,2.44,9.29,,,,,,7.9,7.9,18.7,13.4,,,,,,,,,,2,2.8,,
155,2020-10-11,16.4,12.4,551,20.7,1434,,,,,,,7.8,50,1108,4.9,50,1048,1,838,10.2,49,1557,67.8,12.4,1011.5,1018.6,1,1014,1543,1016,11.5,2,1000,1.96,9.93,,,,,,5.8,5.4,17.3,9.4,,,,,,,,,,1.8,2.5,,
155,2020-10-12,17.6,13,554,23.6,1408,,,,,,,7.6,50,1256,4.4,50,1121,1,888,10.7,38,1426,66.4,12.9,1010,1015.9,2353,1012.2,1358,1014.4,11.4,9,1200,2.57,16.21,,,,,,3.5,1.1,19.5,10,,,,,,,,,,3,4.3,,
155,2020-10-13,17,13.9,2330,21.7,1418,,,,,,,8.9,50,1122,6,50,1133,2,1697,2.3,18,1815,40.1,7.5,1014.4,1022.1,2252,1015.8,13,1018.8,11.4,7.3,1200,2.66,15.93,,,,,,4.3,1.5,17,11.4,,,,,,,,,,3.7,5.4,,
155,2020-10-14,15.8,11.5,448,21.8,1446,,,,,,,6.8,50,830,3.8,50,917,1.3,1129,3.1,25,1555,43.9,7.7,1018.8,1025.3,1023,1021.3,1536,1023.3,11.4,5.2,1100,1.63,11.09,,,,,,2.6,1.4,15.6,8.2,,,,,,,,,,2.7,3.8,,
155,2020-10-15,15.6,11.8,602,21,1346,,,,,,,8.4,50,832,5.6,50,834,1.4,1211,1.3,25,724,38.9,6.8,1019.1,1025.5,922,1021.6,1559,1023.6,11.3,8.8,1300,2.32,15.43,,,,,,4.4,1.9,17,8.6,,,,,,,,,,3.1,4.4,,
155,2020-10-16,14.3,12.2,548,17.1,1416,1,0,,0,,0,5.1,360,658,3,70,829,1,826,7.2,51,2,62.8,10.2,1018.3,1024.4,843,1020.9,1633,1022.8,11.3,.3,900,.93,5.64,,,,,,8.8,5.4,14.8,9.6,,,,,,,,,,1.2,1.7,,
155,2020-10-17,15.5,10.7,523,20.9,1518,,,,,,,8.3,50,1126,5.1,50,1126,1.3,1140,7.3,34,1434,60.5,10.3,1017.7,1023.4,847,1020.2,1529,1022.2,11.3,9.6,1200,2.47,15.99,,,,,,1.9,1.3,17.2,7.7,,,,,,,,,,3,4.2,,
155,2020-10-18,15.4,11,616,21,1548,,,,,,,8,50,1047,4.9,50,1049,1.5,1329,3.4,17,1446,48.3,8,1018.2,1024.5,849,1020.6,1602,1022.7,11.2,9.5,1100,2.48,15.77,,,,,,4,0,16.6,8,,,,,,,,,,3.3,4.7,,
155,2020-10-19,15.3,10.8,613,21.8,1414,,,,,,,6,50,956,3.6,50,955,1,877,6.3,30,1341,57.1,9.6,1019.6,1026.2,2353,1022.2,1451,1024.1,11.2,8.8,1000,2.14,13.73,,,,,,3.1,0,16.2,7.6,,,,,,,,,,2.3,3.4,,
155,2020-10-20,15.5,9.9,618,22.3,1304,,,,,,,5.2,140,1408,3.4,140,1355,1.2,1078,8.6,34,1304,65.3,11.2,1021.1,1028,825,1023.8,2324,1025.6,11.1,9.5,1200,2.4,15.45,,,,,,.1,.1,16.5,6.6,,,,,,,,,,2.7,3.8,,
155,2020-10-21,14.4,11.9,637,17.7,1308,8.55,.8,2243,3.2,2156,12.9,4.6,50,1025,3.1,20,1055,1,884,10.2,56,1127,77.3,12.6,1015,1024.3,38,1016,2350,1019.5,11.1,.7,1000,1.35,5.54,,,,,,9.6,6.8,14.9,9.2,,,,,,,,,,1.1,1.5,,
155,2020-10-22,14.9,12.5,2347,18.2,1435,3.92,.9,127,3.8,57,7.6,6.1,70,1314,3.8,50,1314,1.3,1143,9.4,43,2341,72,12.1,1007.6,1016.1,15,1009.8,1627,1012.1,11.1,.5,1200,1.25,5.8,,,,,,8.9,6.1,15.3,10.6,,,,,,,,,,1.5,2.2,,
155,2020-10-23,11.9,8.3,544,17.7,1517,,,,,,,8.9,70,1134,5.1,50,958,1.9,1655,-.6,23,1449,43.1,5.9,1008.4,1015.2,2328,1010.3,1423,1012.6,11,9.3,1200,2.51,16.26,,,,,,0,0,12.4,5.8,,,,,,,,,,3.1,4.5,,
155,2020-10-24,11.8,6.4,656,18.2,1445,,,,,,,6.9,70,240,3.1,50,234,1.4,1227,-1.7,22,1408,40.8,5.4,1012.6,1019.5,2347,1014.8,34,1016.9,11,9.3,1200,2.46,15.84,,,,,,0,0,11.7,4,,,,,,,,,,3.1,4.5,,
155,2020-10-25,13.6,7.2,651,20.8,1500,,,,,,,8.1,50,1057,3.8,50,1054,1.3,1150,4.3,31,1412,54.6,8.4,1014.4,1020.6,924,1016.6,1653,1018.7,11,8.8,1200,2.49,15.09,,,,,,2.8,0,13.4,2.8,,,,,,,,,,2.7,3.8,,
155,2020-10-26,14.6,9.9,616,20.9,1509,,,,,,,9.4,50,1058,5.5,50,1027,1.4,1207,5.1,30,1517,55.3,8.9,1014.5,1020.4,841,1016.8,1455,1018.7,11,9.2,1100,2.35,14.66,,,,,,1.4,0,14.3,6.6,,,,,,,,,,2.7,3.8,,
155,2020-10-27,14.5,9.1,613,20.9,1441,,,,,,,5.7,50,945,3.2,50,1234,1,889,5.9,29,1546,59.1,9.3,1015.8,1021.9,921,1018.7,107,1020,10.9,9.1,1200,2.22,13.57,,,,,,3.6,0,14.4,6.1,,,,,,,,,,2.4,3.4,,
155,2020-10-28,15.5,12.4,159,21.3,1409,.58,0,,0,,0,4.7,50,1254,3.1,50,1258,.9,777,7.1,39,1446,58.4,10.1,1016.5,1022.2,846,1019.1,1431,1020.7,10.9,3.3,1400,1.67,7.56,,,,,,5.3,4.8,14.8,8.6,,,,,,,,,,1.9,2.7,,
155,2020-10-29,13.4,8.2,606,18.7,1447,,,,,,,7.8,50,950,4.9,50,957,1.4,1214,.7,29,1051,43.1,6.6,1017.7,1024,925,1019.9,1423,1021.9,10.8,9.1,1200,2.31,13.89,,,,,,3.6,0,13.1,3.8,,,,,,,,,,2.6,3.7,,
155,2020-10-30,13.9,9,647,19.7,1444,,,,,,,5.8,50,947,3.5,50,953,1.6,1356,3.9,38,1514,51.8,8.1,1019.9,1027,2203,1021.7,1,1024.2,10.8,8.8,1200,2.25,14.05,,,,,,1.1,.9,13.6,5.6,,,,,,,,,,2.6,3.8,,
155,2020-10-31,12.9,8.2,631,18.8,1352,,,,,,,5,20,1224,3.3,160,1554,1.1,980,5.9,36,1152,64.9,9.3,1020.8,1028,821,1022.4,1521,1025,10.8,9,1200,2.26,13.86,,,,,,2.4,.9,13.3,4.2,,,,,,,,,,2.3,3.3,,
155,2020-11-01,13,10.6,12,15.8,1321,2.98,,,,,.6,4.3,20,1635,2.8,20,1639,.8,656,8.8,63,1254,76.3,11.3,1016.6,1023.4,147,1018.9,2110,1020.8,10.7,0,1100,.77,3.78,,,,,,9.8,9.8,13,7,,,,,,,,,,.8,1.2,,
155,2020-11-02,13.1,9.2,2358,17.5,1456,6.17,,,,,3.3,6.1,50,1352,3.5,50,1346,.8,684,4.7,30,2130,60.5,9,1015,1020.7,927,1017.6,1407,1019.2,10.7,3.4,1300,1.75,7.81,,,,,,7.4,3.9,13.7,4.2,,,,,,,,,,1.5,2.2,,
155,2020-11-03,8.2,4,2351,12.8,1443,,,,,,,9.7,90,1026,5.2,50,1029,1.7,1472,-4.2,20,1218,44.8,4.7,1015,1022.4,2240,1017,1425,1019.3,10.7,9,1200,2.35,14.31,,,,,,.4,.4,8.8,-.3,,,,,,,,,,2.7,3.9,,
155,2020-11-04,6.6,1.8,521,12.2,1446,,,,,,,10.3,70,1126,5.4,50,1135,1.5,1336,-5.6,22,1519,42.8,4,1019.5,1025.7,2343,1021.9,1440,1023.9,10.6,9.1,1200,2.31,14.35,,,,,,.1,0,7.1,-2.1,,,,,,,,,,2.5,3.6,,
155,2020-11-05,10.4,3.6,438,15.6,1416,,,,,,,5.9,20,941,3.8,20,945,1.2,1061,-2.9,23,1304,40,5.1,1022.2,1028.6,1046,1025.2,1558,1026.5,10.6,7.5,1200,2.02,12.23,,,,,,6.6,3.5,9,-.8,,,,,,,,,,2.1,2.9,,
155,2020-11-06,13.1,9.3,647,15.9,1512,,,,,,,3,20,1325,2,20,1424,.7,607,3.7,40,1021,53.1,8,1017.6,1026.3,1,1019,2347,1021.8,10.6,.8,1200,1.06,5.58,,,,,,9.4,7.1,12.5,7.5,,,,,,,,,,1.1,1.6,,
155,2020-11-07,16.2,12.3,639,21.5,1449,,,,,,,6.5,270,1821,3,360,2200,1.2,1008,5.4,23,1850,51.4,9.3,1012.9,1019.1,1,1014.5,1440,1017.1,10.6,4.6,1200,1.89,9.82,,,,,,4.4,4.4,14.5,8.9,,,,,,,,,,2.4,3.4,,
155,2020-11-08,12.9,7.6,2400,19.7,1310,,,,,,,6.7,290,1256,3.1,290,1638,1.4,1167,-3.5,18,2107,33.9,5,1015.7,1022.9,2348,1017,1422,1019.9,10.5,8.9,1200,2.08,12.72,,,,,,0,0,11.4,4.3,,,,,,,,,,3.2,4.5,,
155,2020-11-09,8.1,4,636,13.5,1434,,,,,,,9.3,50,1027,5.3,50,951,1.8,1571,-8.6,15,1141,31.8,3.3,1019.8,1025.6,2235,1022,1435,1024.1,10.5,9.1,1200,2.23,13.64,,,,,,.6,.6,7.6,1.7,,,,,,,,,,2.6,3.8,,
155,2020-11-10,9.7,5,633,14.3,1527,,,,,,,7.8,70,1209,4.2,50,1212,1.2,996,-2.9,24,1418,43,5,1022.5,1029.2,2400,1025.1,425,1026.8,10.5,9.1,1200,2.16,13.16,,,,,,1,1,9.2,1.4,,,,,,,,,,2.5,3.5,,
155,2020-11-11,10.2,5,655,16.2,1518,,,,,,,5,20,929,3.2,50,931,1,828,-1.4,24,1357,46.3,5.6,1027,1032.8,945,1029.1,17,1031.3,10.4,9.1,1200,2.07,12.5,,,,,,0,0,9.2,-.4,,,,,,,,,,2.1,3.1,,
155,2020-11-12,11.1,5.9,550,18.5,1432,,,,,,,4.6,140,1522,2.7,50,927,1.1,948,3.5,30,1353,61.4,8,1025.3,1032,803,1027.5,1543,1029.6,10.4,9,1200,2.11,12.55,,,,,,0,0,10.5,2.7,,,,,,,,,,2.1,2.9,,
155,2020-11-13,12.5,6.2,622,19.9,1417,,,,,,,4.9,50,1350,3.3,20,1229,.9,789,1.9,22,1426,52.8,7.1,1022.8,1028.4,919,1024.8,1511,1027,10.4,9,1200,2.01,11.89,,,,,,0,0,10.7,.6,,,,,,,,,,2.3,3.3,,
155,2020-11-14,12.9,7.8,713,19.3,1435,,,,,,,5.7,50,942,3.7,20,948,1,899,6.2,48,1436,64.8,9.6,1024.5,1030.6,854,1027.4,1452,1028.8,10.4,4.8,1400,1.26,7.51,,,,,,3.6,3.1,10.8,3,,,,,,,,,,1.5,2.1,,
155,2020-11-15,12.9,8.8,432,19,1505,,,,,,,5.3,70,1040,3.2,50,1042,1.1,991,6.4,41,1255,66.5,9.6,1022.3,1028.8,828,1024.6,1522,1026.6,10.3,8.9,1200,2.03,12.23,,,,,,2.8,.8,12.5,5.1,,,,,,,,,,2.1,3,,
155,2020-11-16,14.3,8.8,524,20.8,1337,,,,,,,5.8,360,353,3.3,20,417,1.4,1245,5.5,29,1352,58,9.1,1021,1026.4,2235,1023.6,1346,1025.2,10.3,8.5,1200,2.03,11.54,,,,,,5.3,1.8,12.7,4.6,,,,,,,,,,2.2,3.1,,
155,2020-11-17,16.2,13.2,629,21.3,1243,.05,,,,,0,5.2,180,1357,3.6,160,1349,1,848,10.6,54,1235,70.3,13,1020.5,1026.5,851,1022.9,1431,1024.6,10.3,3.5,1200,1.43,7.75,,,,,,8.5,8.3,15.4,12.7,,,,,,,,,,1.4,1.9,,
155,2020-11-18,18.1,14.7,614,21.6,1439,3.18,,,,,.5,7.5,160,1951,4.4,140,2112,1.5,1292,14.6,68,1510,80.4,16.6,1014.6,1023.5,1,1014.5,2357,1018.8,10.3,1.8,1300,1.25,7.29,,,,,,8.8,5.3,18.2,13.1,,,,,,,,,,1.6,2.2,,
155,2020-11-19,19.6,14.1,2339,22.3,1430,13,,,,,49.7,18.1,180,1147,8.5,180,1148,2.9,2544,15.3,55,2145,77.1,17.9,1004.7,1014.7,28,1004.5,1420,1008.7,10.2,.1,1400,.25,1.47,,,,,,7.9,5.9,18.8,12.8,,,,,,,,,,1.1,1.5,,
155,2020-11-20,11,6.2,2224,15.2,1256,,,,,,,8.9,320,350,4.3,50,5,1.7,1462,2.4,40,1351,56.1,7.4,1011.2,1021.5,2349,1010.2,1,1015.4,10.2,7.9,1200,1.99,11.67,,,,,,1.8,0,11.5,5.3,,,,,,,,,,2.1,3,,
155,2020-11-21,9,3,706,13.5,1315,,,,,,,10.3,50,133,6.5,50,137,2.1,1836,2.1,51,1304,62.6,7.2,1018.7,1025.6,1009,1021.2,112,1023,10.2,6.8,1000,1.61,9.64,,,,,,4.4,4.4,8.5,1.6,,,,,,,,,,1.5,2.1,,
155,2020-11-22,9.7,8.6,2356,11.1,1804,3.47,,,,,1.5,6.8,250,2110,3.7,20,1604,1.4,1176,4.8,56,2232,72.5,8.7,1015.9,1022.2,2346,1017.9,1446,1020.2,10.2,.1,1300,.5,1.98,,,,,,8.4,6.5,8.9,7.2,,,,,,,,,,.9,1.2,,
155,2020-11-23,6.7,3.1,717,10.8,1525,,,,,,,8.7,20,1150,5.4,50,1157,2.2,1902,-4.4,32,2250,45.8,4.5,1020.7,1026.8,933,1022,6,1025.1,10.1,8.8,1200,2,11.74,,,,,,0,0,5.9,1.8,,,,,,,,,,2.3,3.3,,
155,2020-11-24,7.2,3.8,449,13,1432,,,,,,,7.7,20,436,4.5,20,347,1.9,1616,-4.4,26,1549,43.9,4.4,1021.6,1028.1,832,1024.2,1559,1025.9,10.1,6.2,1100,2.02,10.2,,,,,,5.4,3.4,6.2,2.1,,,,,,,,,,2,2.8,,
155,2020-11-25,8.8,5.6,302,13,1456,,,,,,,10.1,50,1024,5.7,50,1011,2,1723,-4.9,24,1307,38.1,4.2,1020.6,1026.7,844,1023.3,1609,1024.9,10.1,8.8,1200,1.95,11.33,,,,,,2.3,2.1,6.3,3.7,,,,,,,,,,2.5,3.6,,
155,2020-11-26,8.8,7.1,412,13.1,1524,,,,,,,7.1,320,444,4,50,617,1.4,1190,-1.2,30,1605,50.3,5.6,1020.6,1026.8,932,1023,1453,1024.8,10.1,4.2,1300,1.63,7.56,,,,,,6.4,4.8,7.5,4.3,,,,,,,,,,1.4,2,,
155,2020-11-27,8.5,4.4,2336,13.4,1427,,,,,,,9,290,1432,2.9,50,1106,1.4,1186,-1.5,33,1154,50.8,5.6,1018.7,1025.6,2350,1019.8,1402,1023,10,4.8,1200,1.82,8.92,,,,,,4.5,3.8,7.6,2,,,,,,,,,,1.9,2.7,,
155,2020-11-28,4,1.7,633,7.8,1259,,,,,,,7.3,50,1426,4.1,50,1441,1.9,1613,-9.3,21,1847,38.5,3.1,1021.7,1027.3,847,1024.2,1505,1026.1,10,6.9,1200,1.68,9.49,,,,,,4.9,.6,2.6,.7,,,,,,,,,,1.7,2.4,,
155,2020-11-29,4,-.3,706,8.9,1604,,,,,,,6.9,20,2322,4.1,50,1256,1.7,1478,-6.5,36,1,46.3,3.8,1023.3,1030.2,2337,1025.4,1457,1027.7,10,8.9,1200,1.9,11.09,,,,,,1.4,1.1,2.7,-2.1,,,,,,,,,,1.8,2.6,,
155,2020-11-30,4,-.1,620,8.6,1517,,,,,,,9,70,215,4.7,50,216,2,1717,-7.4,31,1950,43.8,3.5,1027.8,1033.9,2332,1030.1,153,1032.3,10,8.9,1200,1.91,10.96,,,,,,.4,0,2.2,-1.5,,,,,,,,,,2,2.8,,
155,2020-12-01,4.4,.4,725,9.4,1439,,,,,,,8.6,20,321,5.5,50,542,2.2,1913,-9.6,19,1842,36.1,3,1028.3,1035.4,829,1030.3,1911,1032.7,10,8.2,1200,1.86,10.41,,,,,,3.3,0,2.1,-1.1,,,,,,,,,,1.9,2.8,,
155,2020-12-02,6,2.8,252,10,1535,,,,,,,7.5,20,1120,5.2,20,1137,1.7,1486,-9.6,22,1846,32,3,1023.4,1030.9,2,1025.5,1524,1027.8,10,4.8,1100,1.62,7.2,,,,,,3.6,2.6,2.6,-.8,,,,,,,,,,1.8,2.6,,
155,2020-12-03,5.1,2.9,2311,9.4,1427,,,,,,,10.4,50,1056,6.4,50,1137,2.4,2042,-8.5,28,1614,36.8,3.2,1022.5,1028.6,911,1024.6,1518,1026.9,9.9,8.7,1200,1.84,10.39,,,,,,1.6,0,3,.8,,,,,,,,,,2.1,3,,
155,2020-12-04,3.2,-.7,609,8.7,1444,,,,,,,11.8,50,1200,7.3,50,1006,2.8,2418,-11.9,13,1440,34.1,2.5,1023.3,1029.6,947,1025.6,1524,1027.7,9.9,8.4,1200,1.9,10.8,,,,,,1.5,1.3,1.3,-1.8,,,,,,,,,,2.3,3.2,,
155,2020-12-05,4.6,.7,719,8.7,1215,,,,,,,9.7,50,246,6.3,50,250,2,1716,-5.4,37,1224,48.8,4.1,1024.2,1030.7,859,1027,1507,1028.5,9.9,8.8,1200,1.79,10.35,,,,,,1.3,.3,1.7,-1,,,,,,,,,,1.5,2.2,,
155,2020-12-06,5.4,.8,603,10.3,1450,,,,,,,7,50,1345,4.7,50,1319,1.2,1021,-3.1,36,1428,55.4,4.8,1022.7,1029,913,1025.2,1543,1027.1,9.9,8.7,1200,1.84,10.59,,,,,,0,0,3,-2.3,,,,,,,,,,1.6,2.3,,
155,2020-12-07,6.2,2.4,550,11.2,1446,,,,,,,6.2,50,2354,3.7,50,2400,1.1,993,-2.2,41,1549,55.1,5.2,1021.7,1028.1,924,1023.7,1522,1026.1,9.9,3.6,1200,1.26,6.15,,,,,,2.4,1.3,4,-.5,,,,,,,,,,1.2,1.7,,
155,2020-12-08,3,.4,711,7.1,1441,,,,,,,8.8,50,1008,5,20,1134,1.8,1558,-7.3,37,1447,46.6,3.5,1022.5,1028.8,958,1024.9,1458,1026.9,9.9,8.2,1200,1.79,10.23,,,,,,.8,.8,1.8,-2,,,,,,,,,,1.5,2.2,,
155,2020-12-09,3.4,-1.6,748,9.4,1516,,,,,,,8.8,50,1227,5.1,20,1247,1.6,1396,-10.9,13,1504,36.9,2.7,1020.6,1027.7,233,1022.5,1654,1025,9.9,8.7,1200,1.84,10.5,,,,,,0,0,1.5,-4,,,,,,,,,,2,2.8,,
155,2020-12-10,5.9,2.1,201,10.3,1543,,,,,,,6.3,50,1028,4.3,50,1233,1.1,972,-4.5,30,110,48.9,4.6,1017.1,1023.1,955,1019.5,1420,1021.4,9.9,1.8,1400,.87,3.72,,,,,,8.1,5.3,2.7,-1.7,,,,,,,,,,.8,1.1,,
155,2020-12-11,7.2,2.3,647,11.7,1331,,,,,,,7.5,50,1258,3.8,20,1225,.9,816,0,43,1331,61.1,6.1,1014.3,1021.6,1,1016.5,1536,1018.7,9.8,5.9,1200,1.61,8.03,,,,,,6.6,.6,4.9,-1.4,,,,,,,,,,1.3,1.9,,
155,2020-12-12,6.6,4.1,2348,9.7,1323,,,,,,,7.2,50,929,4.7,50,1411,1.4,1195,-6.6,22,1631,40.5,4,1012.8,1018.7,1031,1015.6,1420,1017.1,9.8,7.2,1200,1.77,9.82,,,,,,3.4,1.3,4.8,-1.1,,,,,,,,,,1.9,2.7,,
155,2020-12-13,5.5,.3,736,11.2,1454,,,,,,,9.3,290,2005,4.7,290,2007,1.8,1517,-6.9,29,1211,40.5,3.8,1013,1019.9,2354,1012.7,1525,1017.3,9.8,7.5,1300,1.52,8.24,,,,,,5.1,2,3.5,-2.8,,,,,,,,,,1.9,2.7,,
155,2020-12-14,-2.2,-5.4,2329,1.3,10,,,,,,,7.8,50,1211,4.7,50,1226,2,1721,-18,15,1525,29.6,1.6,1020.9,1028.5,2307,1020,1,1025.4,9.8,8.1,1200,1.59,8.76,,,,,,3.3,1.3,0,-6.5,,,,,,,,,,1.4,2,,
155,2020-12-15,-4.1,-7.2,747,-.1,1326,,,,,,,8.3,50,924,5.1,50,930,1.9,1682,-17.9,16,1532,35,1.5,1024.3,1030.9,959,1027.3,1520,1028.8,9.8,8.8,1200,1.87,10.83,,,,,,0,0,-2.4,-8,,,,,,,,,,1.3,1.9,,
155,2020-12-16,-3.1,-7.3,422,1.7,1423,,,,,,,11,320,1435,4.6,50,1036,1.6,1357,-15.3,20,1437,40.1,1.9,1024.2,1030.1,2358,1026.2,1420,1028.7,9.8,8.8,1200,1.84,10.55,,,,,,0,0,-2.6,-8.9,,,,,,,,,,1.4,2,,
155,2020-12-17,-1.1,-5.8,306,4.2,1540,,,,,,,7.1,20,1125,4.4,50,1118,1.7,1433,-13.9,27,1536,38.1,2.1,1024.3,1030.5,1000,1027.1,1609,1028.8,9.8,8.8,1200,1.88,10.69,,,,,,0,0,-1.8,-7.3,,,,,,,,,,1.4,2,,
155,2020-12-18,2.2,-3.1,649,8,1507,,,,,,,6.6,290,2352,2.9,20,229,1.1,986,-9.4,33,1321,42.4,3,1022.3,1028.6,19,1024,1556,1026.7,9.8,5.6,1200,1.71,8.9,,,,,,5.5,.9,0,-5.7,,,,,,,,,,1.5,2.2,,
155,2020-12-19,-.8,-2.7,2326,3.1,1402,,,,,,,9.2,360,1230,4.3,50,1032,2,1738,-20.2,6,1457,26.8,1.5,1025.4,1031.7,2252,1027.6,9,1029.8,9.8,8.1,1200,1.96,11.09,,,,,,3.5,0,-.9,-3.7,,,,,,,,,,2.2,3.1,,
155,2020-12-20,.4,-2.7,22,4.2,1449,,,,,,,6.6,20,1013,3.9,20,48,1.8,1560,-12.8,22,1139,37.6,2.3,1026,1031.8,959,1028.6,1510,1030.5,9.8,8.7,1200,1.83,10.58,,,,,,3.3,0,0,-3.8,,,,,,,,,,1.6,2.2,,
155,2020-12-21,1.2,-3.9,735,6.4,1504,,,,,,,5.3,320,514,2.9,20,1251,1,901,-8.8,35,1,47.6,3.2,1024,1031,42,1026.6,1445,1028.5,9.8,6.9,1300,1.49,8.19,,,,,,1.1,1.1,-.3,-6.4,,,,,,,,,,1.1,1.5,,
155,2020-12-22,2.6,-3.1,619,8.5,1338,,,,,,,6.9,270,1838,3.7,200,1238,1.1,928,-5.5,35,1402,56.4,4.1,1021.8,1027.6,30,1023.8,1501,1026.2,9.8,8.2,1200,1.64,8.98,,,,,,.3,.3,.5,-5.7,,,,,,,,,,1.3,1.8,,
155,2020-12-23,3.5,-1.5,529,8.1,1330,,,,,,,4.7,160,1409,3.3,180,1417,.7,643,-3.1,43,1359,62.5,4.9,1019,1027,112,1019.3,2400,1023.4,9.8,4.3,1100,1.11,6.74,,,,,,5.1,1.8,1.1,-5.4,,,,,,,,,,1,1.4,,
155,2020-12-24,6.1,2.1,2347,12.7,1414,,,,,,,8.6,290,2120,4.3,290,2121,1.3,1110,-5.8,18,1831,46.3,4.2,1012.1,1019.4,10,1013.7,1420,1016.4,9.8,6,1200,1.72,8.48,,,,,,3.6,0,3.8,-.7,,,,,,,,,,1.9,2.6,,
155,2020-12-25,2.1,-2.1,631,7.2,1433,,,,,,,9.2,340,135,4.1,50,1048,1.2,1073,-9.6,23,1536,42.5,3,1018,1025.9,2311,1018.1,57,1022.4,9.8,8.6,1200,1.81,10.35,,,,,,.1,0,1.5,-5.6,,,,,,,,,,1.5,2.1,,
155,2020-12-26,3.1,-1.7,454,9.1,1352,,,,,,,3.8,140,1512,2.6,110,1513,.9,816,-6.6,31,1540,50,3.8,1021,1028,926,1023.3,1442,1025.4,9.8,8.5,1200,1.79,10.18,,,,,,5.4,0,1.5,-4.9,,,,,,,,,,1.5,2.1,,
155,2020-12-27,4.1,2.2,118,7.5,1317,7.42,,,,,4.1,3.2,360,644,2.1,20,1407,.9,755,-1.6,45,1332,68.4,5.6,1017.9,1024.4,235,1020.5,1442,1022.2,9.8,.8,1000,.83,3.76,,,,,,9.3,6,2.9,-.3,,,,,,,,,,.6,.9,,
155,2020-12-28,4.8,1.1,613,12.1,1446,,,,,,,6.3,20,1325,4,50,1329,1.4,1236,1.1,46,1526,78.9,6.6,1018.5,1024.8,1050,1021.3,1,1022.9,9.8,6.7,1200,1.8,9.9,,,,,,2.4,2.4,4.4,-.6,,,,,,,,,,1.2,1.7,,
155,2020-12-29,4.7,.2,2352,10.7,1351,6.7,,,,,2,10.6,50,2350,6.2,50,2357,1.4,1244,.3,52,1447,74.9,6.3,1013.4,1023.5,1,1013.2,1524,1017.8,9.8,3.4,1200,1.61,6.55,,,,,,7.4,3.8,3.6,-1,,,,,,,,,,1,1.5,,
155,2020-12-30,-4,-7.9,2359,.8,240,2.3,,,,,.2,12.7,270,1250,6.1,50,1,2.9,2490,-15.2,24,1253,43.3,2.1,1013.8,1023,2400,1013.7,149,1018.3,9.8,8.4,1300,1.91,11.16,,,,,,2,2,-1.1,-8.6,,,,,,,,,,1.5,2.1,,
155,2020-12-31,-4.1,-9.8,721,2.2,1542,,,,,,,7.3,320,322,4.9,20,1342,2,1754,-14.5,31,1536,44.8,2.1,1019.6,1026.2,859,1021.7,1524,1024.1,9.8,8.6,1200,1.89,10.95,,,,,,.8,.8,-3.2,-10.3,,,,,,,,,,1.2,1.8,,
